{"stats":{"minecraft:picked_up":{"minecraft:crafting_table":3,"minecraft:wheat":107,"minecraft:ladder":3,"minecraft:andesite":1,"minecraft:oak_stairs":2,"minecraft:flint":5,"minecraft:tuff":9,"minecraft:yellow_bed":3,"minecraft:lapis_lazuli":148,"minecraft:dirt":141,"minecraft:flint_and_steel":1,"minecraft:wheat_seeds":301,"minecraft:cobbled_deepslate":40,"minecraft:raw_gold":7,"minecraft:stone_pickaxe":1,"minecraft:chest":1,"minecraft:iron_sword":1,"minecraft:stick":1,"minecraft:raw_iron":76,"minecraft:torch":39,"minecraft:gravel":40,"minecraft:jungle_planks":18,"minecraft:diorite":2,"minecraft:redstone":27,"minecraft:granite":169,"minecraft:coal":143,"minecraft:cobblestone":993},"minecraft:used":{"minecraft:wheat_seeds":111,"minecraft:diorite":2,"minecraft:stone_shovel":50,"minecraft:stone_pickaxe":1213,"minecraft:ladder":4,"minecraft:chest":2,"minecraft:iron_sword":1,"minecraft:torch":199,"minecraft:dirt":270,"minecraft:crafting_table":4,"minecraft:tuff":9,"minecraft:granite":169,"minecraft:iron_axe":2,"minecraft:oak_stairs":17,"minecraft:iron_pickaxe":250,"minecraft:gravel":14,"minecraft:cobblestone":245,"minecraft:furnace":1,"minecraft:bucket":1,"minecraft:andesite":1,"minecraft:yellow_bed":1,"minecraft:cobbled_deepslate":31},"minecraft:broken":{"minecraft:stone_pickaxe":9,"minecraft:iron_pickaxe":1,"minecraft:stone_shovel":1},"minecraft:crafted":{"minecraft:oak_planks":16,"minecraft:crafting_table":2,"minecraft:furnace":1,"minecraft:stone_axe":1,"minecraft:bread":35,"minecraft:jungle_planks":112,"minecraft:ladder":6,"minecraft:stick":88,"minecraft:iron_ingot":5,"minecraft:iron_pickaxe":1,"minecraft:stone_pickaxe":11,"minecraft:chest":2,"minecraft:torch":180},"minecraft:mined":{"minecraft:deepslate_redstone_ore":1,"minecraft:tuff":9,"minecraft:crafting_table":3,"minecraft:torch":10,"minecraft:glow_lichen":1,"minecraft:granite":169,"minecraft:short_grass":9,"minecraft:grass_block":77,"minecraft:tall_grass":3,"minecraft:cobblestone":44,"minecraft:lapis_ore":9,"minecraft:deepslate_gold_ore":5,"minecraft:diorite":2,"minecraft:wall_torch":6,"minecraft:redstone_ore":5,"minecraft:iron_ore":54,"minecraft:wheat":108,"minecraft:cobbled_deepslate":2,"minecraft:andesite":2,"minecraft:deepslate_lapis_ore":12,"minecraft:yellow_bed":2,"minecraft:coal_ore":85,"minecraft:deepslate_iron_ore":22,"minecraft:dirt_path":2,"minecraft:oak_stairs":2,"minecraft:gravel":31,"minecraft:dirt":64,"minecraft:stone":973,"minecraft:gold_ore":2,"minecraft:deepslate":38},"minecraft:custom":{"minecraft:interact_with_furnace":7,"minecraft:interact_with_crafting_table":14,"minecraft:leave_game":22,"minecraft:time_since_death":132907,"minecraft:sleep_in_bed":4,"minecraft:climb_one_cm":1534,"minecraft:time_since_rest":60129,"minecraft:sprint_one_cm":107636,"minecraft:damage_taken":98,"minecraft:walk_one_cm":392272,"minecraft:drop":242,"minecraft:damage_dealt":4,"minecraft:fly_one_cm":23391,"minecraft:open_chest":30,"minecraft:crouch_one_cm":686,"minecraft:play_time":132907,"minecraft:sneak_time":222,"minecraft:walk_under_water_one_cm":3244,"minecraft:jump":826,"minecraft:walk_on_water_one_cm":6107,"minecraft:total_world_time":132907,"minecraft:fall_one_cm":10692},"minecraft:dropped":{"minecraft:iron_ingot":19,"minecraft:iron_sword":1,"minecraft:wheat_seeds":2,"minecraft:oak_log":64,"minecraft:sticky_piston":3,"minecraft:oak_planks":8,"minecraft:jungle_planks":78,"minecraft:acacia_log":64,"minecraft:flint_and_steel":1,"minecraft:emerald":50,"minecraft:jungle_log":32,"minecraft:yellow_bed":1,"minecraft:chest":1}},"DataVersion":3839}