{"stats":{"minecraft:broken":{"minecraft:stone_pickaxe":12,"minecraft:iron_axe":1,"minecraft:stone_axe":1,"minecraft:iron_pickaxe":8,"minecraft:stone_shovel":2},"minecraft:killed_by":{"minecraft:ghast":6,"minecraft:zombified_piglin":2,"minecraft:skeleton":1,"minecraft:witch":1,"minecraft:zombie":5},"minecraft:custom":{"minecraft:inspect_dropper":3,"minecraft:mob_kills":17,"minecraft:interact_with_crafting_table":62,"minecraft:leave_game":116,"minecraft:time_since_death":76477,"minecraft:climb_one_cm":12344,"minecraft:sprint_one_cm":309459,"minecraft:walk_one_cm":1308738,"minecraft:damage_blocked_by_shield":2752,"minecraft:drop":289,"minecraft:talked_to_villager":2,"minecraft:play_time":544573,"minecraft:deaths":16,"minecraft:sneak_time":9228,"minecraft:walk_under_water_one_cm":45715,"minecraft:jump":4783,"minecraft:walk_on_water_one_cm":39991,"minecraft:total_world_time":544573,"minecraft:interact_with_furnace":66,"minecraft:sleep_in_bed":16,"minecraft:time_since_rest":4546,"minecraft:damage_taken":6606,"minecraft:damage_dealt":2649,"minecraft:swim_one_cm":1045,"minecraft:fly_one_cm":83583,"minecraft:open_chest":216,"minecraft:crouch_one_cm":20339,"minecraft:fall_one_cm":91129},"minecraft:picked_up":{"minecraft:iron_chestplate":6,"minecraft:crafting_table":4,"minecraft:wheat":109,"minecraft:azure_bluet":1,"minecraft:ladder":5,"minecraft:oak_stairs":39,"minecraft:enchanted_book":1,"minecraft:shield":9,"minecraft:polished_deepslate":3,"minecraft:music_disc_cat":3,"minecraft:red_bed":6,"minecraft:string":12,"minecraft:raw_copper":9,"minecraft:soul_soil":7,"minecraft:iron_axe":4,"minecraft:flint_and_steel":7,"minecraft:diamond_leggings":1,"minecraft:gold_nugget":24,"minecraft:cobbled_deepslate":2576,"minecraft:poppy":5,"minecraft:iron_pickaxe":9,"minecraft:melon_slice":38,"minecraft:sugar_cane":1,"minecraft:chest":10,"minecraft:stick":55,"minecraft:raw_iron":342,"minecraft:torch":199,"minecraft:diorite":164,"minecraft:redstone":75,"minecraft:rotten_flesh":55,"minecraft:diamond_chestplate":3,"minecraft:arrow":17,"minecraft:stone_shovel":2,"minecraft:diamond_boots":1,"minecraft:deepslate_bricks":2,"minecraft:cobblestone":2061,"minecraft:oxeye_daisy":1,"minecraft:andesite":43,"minecraft:flint":6,"minecraft:tuff":59,"minecraft:oak_log":66,"minecraft:yellow_bed":6,"minecraft:gunpowder":4,"minecraft:lapis_lazuli":504,"minecraft:dirt":622,"minecraft:bone":19,"minecraft:bow":9,"minecraft:wheat_seeds":314,"minecraft:raw_gold":55,"minecraft:iron_ingot":233,"minecraft:stone_pickaxe":1,"minecraft:diamond_helmet":3,"minecraft:bamboo":2,"minecraft:iron_sword":14,"minecraft:oak_planks":99,"minecraft:soul_sand":94,"minecraft:music_disc_13":3,"minecraft:dandelion":2,"minecraft:lava_bucket":11,"minecraft:gravel":113,"minecraft:jungle_planks":18,"minecraft:iron_hoe":6,"minecraft:diamond":73,"minecraft:stone_axe":6,"minecraft:chainmail_leggings":7,"minecraft:iron_helmet":5,"minecraft:granite":255,"minecraft:bone_meal":35,"minecraft:golden_apple":7,"minecraft:emerald":6,"minecraft:bread":63,"minecraft:oak_sapling":16,"minecraft:netherrack":334,"minecraft:coal":331},"minecraft:crafted":{"minecraft:oak_planks":132,"minecraft:furnace":5,"minecraft:bone_meal":18,"minecraft:polished_deepslate":200,"minecraft:ladder":6,"minecraft:stone_pickaxe":11,"minecraft:chest":9,"minecraft:crafting_table":6,"minecraft:bucket":3,"minecraft:stone_axe":4,"minecraft:bread":35,"minecraft:jungle_planks":112,"minecraft:shield":1,"minecraft:stick":148,"minecraft:iron_ingot":104,"minecraft:iron_pickaxe":8,"minecraft:torch":348,"minecraft:deepslate_bricks":64},"minecraft:dropped":{"minecraft:iron_ingot":19,"minecraft:iron_sword":1,"minecraft:wheat_seeds":5,"minecraft:oak_log":64,"minecraft:cobblestone":118,"minecraft:jungle_planks":78,"minecraft:acacia_log":64,"minecraft:golden_apple":2,"minecraft:emerald":50,"minecraft:lava_bucket":1,"minecraft:dirt":64,"minecraft:red_bed":4,"minecraft:torch":1,"minecraft:bone_meal":20,"minecraft:oak_stairs":21,"minecraft:iron_pickaxe":1,"minecraft:bucket":1,"minecraft:sticky_piston":3,"minecraft:rotten_flesh":21,"minecraft:oak_planks":8,"minecraft:flint_and_steel":1,"minecraft:poppy":1,"minecraft:jungle_log":32,"minecraft:yellow_bed":1,"minecraft:ladder":2,"minecraft:chest":1},"minecraft:killed":{"minecraft:skeleton":8,"minecraft:zombie":9},"minecraft:used":{"minecraft:polished_deepslate":139,"minecraft:flint_and_steel":3,"minecraft:stone_shovel":179,"minecraft:ladder":5,"minecraft:poppy":2,"minecraft:chest":15,"minecraft:shield":72,"minecraft:iron_sword":55,"minecraft:netherrack":36,"minecraft:torch":364,"minecraft:dirt":442,"minecraft:soul_sand":28,"minecraft:tuff":37,"minecraft:granite":173,"minecraft:iron_hoe":2,"minecraft:lava_bucket":15,"minecraft:iron_axe":43,"minecraft:oak_stairs":62,"minecraft:bow":8,"minecraft:oak_sapling":16,"minecraft:furnace":5,"minecraft:cobbled_deepslate":415,"minecraft:wheat_seeds":111,"minecraft:water_bucket":18,"minecraft:diorite":39,"minecraft:stone_pickaxe":1550,"minecraft:oak_planks":17,"minecraft:sugar_cane":1,"minecraft:deepslate_bricks":66,"minecraft:crafting_table":9,"minecraft:red_bed":2,"minecraft:oxeye_daisy":1,"minecraft:bread":36,"minecraft:melon_slice":5,"minecraft:iron_pickaxe":1999,"minecraft:gravel":14,"minecraft:stone_axe":144,"minecraft:cobblestone":342,"minecraft:bucket":38,"minecraft:andesite":1,"minecraft:yellow_bed":5,"minecraft:bone_meal":18,"minecraft:chainmail_leggings":1},"minecraft:mined":{"minecraft:nether_gold_ore":2,"minecraft:tuff":44,"minecraft:oak_sapling":1,"minecraft:deepslate_diamond_ore":21,"minecraft:glow_lichen":1,"minecraft:granite":199,"minecraft:grass_block":98,"minecraft:soul_soil":7,"minecraft:deepslate_bricks":2,"minecraft:oxeye_daisy":2,"minecraft:redstone_ore":5,"minecraft:iron_ore":59,"minecraft:cobbled_deepslate":26,"minecraft:andesite":23,"minecraft:deepslate_lapis_ore":14,"minecraft:azure_bluet":1,"minecraft:polished_deepslate":3,"minecraft:deepslate_iron_ore":49,"minecraft:dirt_path":2,"minecraft:oak_stairs":10,"minecraft:stone":1468,"minecraft:deepslate_redstone_ore":5,"minecraft:glass_pane":4,"minecraft:red_bed":2,"minecraft:soul_sand":29,"minecraft:soul_fire":4,"minecraft:dandelion":4,"minecraft:crafting_table":4,"minecraft:torch":15,"minecraft:short_grass":22,"minecraft:poppy":6,"minecraft:chest":9,"minecraft:cobblestone":89,"minecraft:copper_ore":1,"minecraft:tall_grass":6,"minecraft:deepslate_gold_ore":15,"minecraft:lapis_ore":9,"minecraft:sugar_cane":1,"minecraft:oak_planks":17,"minecraft:diorite":107,"minecraft:wall_torch":10,"minecraft:wheat":108,"minecraft:yellow_bed":5,"minecraft:coal_ore":85,"minecraft:oak_log":71,"minecraft:gravel":42,"minecraft:dirt":300,"minecraft:netherrack":134,"minecraft:gold_ore":8,"minecraft:oak_leaves":81,"minecraft:deepslate":1107}},"DataVersion":3839}