{"stats":{"minecraft:dropped":{"minecraft:iron_ingot":19,"minecraft:iron_sword":1,"minecraft:wheat_seeds":5,"minecraft:oak_log":64,"minecraft:jungle_planks":78,"minecraft:acacia_log":64,"minecraft:emerald":50,"minecraft:sticky_piston":3,"minecraft:oak_planks":8,"minecraft:flint_and_steel":1,"minecraft:poppy":1,"minecraft:jungle_log":32,"minecraft:yellow_bed":1,"minecraft:chest":1},"minecraft:custom":{"minecraft:inspect_dropper":3,"minecraft:mob_kills":14,"minecraft:interact_with_crafting_table":53,"minecraft:leave_game":69,"minecraft:time_since_death":9989,"minecraft:climb_one_cm":4543,"minecraft:sprint_one_cm":242701,"minecraft:walk_one_cm":1008313,"minecraft:damage_blocked_by_shield":2752,"minecraft:drop":246,"minecraft:play_time":393641,"minecraft:deaths":14,"minecraft:sneak_time":9131,"minecraft:walk_under_water_one_cm":14044,"minecraft:jump":3746,"minecraft:walk_on_water_one_cm":31340,"minecraft:total_world_time":393641,"minecraft:interact_with_furnace":42,"minecraft:sleep_in_bed":10,"minecraft:time_since_rest":10010,"minecraft:damage_taken":5599,"minecraft:damage_dealt":2089,"minecraft:fly_one_cm":65569,"minecraft:open_chest":112,"minecraft:crouch_one_cm":20293,"minecraft:fall_one_cm":77656},"minecraft:killed":{"minecraft:skeleton":8,"minecraft:zombie":6},"minecraft:killed_by":{"minecraft:ghast":6,"minecraft:zombified_piglin":2,"minecraft:skeleton":1,"minecraft:witch":1,"minecraft:zombie":3},"minecraft:broken":{"minecraft:stone_pickaxe":12,"minecraft:iron_pickaxe":6,"minecraft:stone_shovel":1},"minecraft:used":{"minecraft:flint_and_steel":3,"minecraft:stone_shovel":50,"minecraft:poppy":2,"minecraft:ladder":4,"minecraft:chest":5,"minecraft:shield":72,"minecraft:iron_sword":55,"minecraft:netherrack":36,"minecraft:torch":331,"minecraft:soul_sand":28,"minecraft:dirt":397,"minecraft:tuff":36,"minecraft:granite":170,"minecraft:lava_bucket":14,"minecraft:iron_axe":29,"minecraft:oak_stairs":58,"minecraft:bow":8,"minecraft:oak_sapling":4,"minecraft:furnace":3,"minecraft:cobbled_deepslate":415,"minecraft:wheat_seeds":111,"minecraft:water_bucket":17,"minecraft:diorite":39,"minecraft:stone_pickaxe":1550,"minecraft:oak_planks":8,"minecraft:crafting_table":7,"minecraft:oxeye_daisy":1,"minecraft:bread":27,"minecraft:iron_pickaxe":1498,"minecraft:gravel":14,"minecraft:stone_axe":19,"minecraft:cobblestone":245,"minecraft:andesite":1,"minecraft:bucket":37,"minecraft:yellow_bed":5,"minecraft:bone_meal":13,"minecraft:chainmail_leggings":1},"minecraft:crafted":{"minecraft:oak_planks":56,"minecraft:furnace":3,"minecraft:bone_meal":18,"minecraft:ladder":6,"minecraft:stone_pickaxe":11,"minecraft:chest":2,"minecraft:crafting_table":5,"minecraft:bucket":3,"minecraft:stone_axe":1,"minecraft:bread":35,"minecraft:jungle_planks":112,"minecraft:shield":1,"minecraft:stick":108,"minecraft:iron_ingot":104,"minecraft:iron_pickaxe":6,"minecraft:torch":300},"minecraft:mined":{"minecraft:nether_gold_ore":2,"minecraft:tuff":43,"minecraft:oak_sapling":1,"minecraft:deepslate_diamond_ore":18,"minecraft:glow_lichen":1,"minecraft:granite":170,"minecraft:grass_block":96,"minecraft:soul_soil":7,"minecraft:oxeye_daisy":2,"minecraft:redstone_ore":5,"minecraft:iron_ore":55,"minecraft:cobbled_deepslate":24,"minecraft:andesite":23,"minecraft:deepslate_lapis_ore":14,"minecraft:azure_bluet":1,"minecraft:dirt_path":2,"minecraft:deepslate_iron_ore":49,"minecraft:oak_stairs":2,"minecraft:stone":1093,"minecraft:deepslate_redstone_ore":5,"minecraft:soul_sand":29,"minecraft:soul_fire":4,"minecraft:dandelion":4,"minecraft:crafting_table":3,"minecraft:torch":11,"minecraft:short_grass":21,"minecraft:poppy":6,"minecraft:chest":4,"minecraft:cobblestone":58,"minecraft:tall_grass":4,"minecraft:deepslate_gold_ore":13,"minecraft:lapis_ore":9,"minecraft:oak_planks":8,"minecraft:wall_torch":9,"minecraft:diorite":94,"minecraft:wheat":108,"minecraft:yellow_bed":5,"minecraft:oak_log":10,"minecraft:coal_ore":85,"minecraft:gravel":40,"minecraft:dirt":112,"minecraft:netherrack":134,"minecraft:gold_ore":2,"minecraft:oak_leaves":48,"minecraft:deepslate":1101},"minecraft:picked_up":{"minecraft:iron_chestplate":6,"minecraft:crafting_table":3,"minecraft:wheat":109,"minecraft:azure_bluet":1,"minecraft:ladder":3,"minecraft:oak_stairs":2,"minecraft:enchanted_book":1,"minecraft:shield":9,"minecraft:music_disc_cat":1,"minecraft:string":6,"minecraft:soul_soil":7,"minecraft:iron_axe":4,"minecraft:flint_and_steel":7,"minecraft:gold_nugget":24,"minecraft:cobbled_deepslate":2558,"minecraft:poppy":5,"minecraft:iron_pickaxe":6,"minecraft:melon_slice":28,"minecraft:chest":5,"minecraft:stick":1,"minecraft:raw_iron":330,"minecraft:torch":110,"minecraft:diorite":94,"minecraft:redstone":75,"minecraft:arrow":17,"minecraft:rotten_flesh":14,"minecraft:cobblestone":1151,"minecraft:oxeye_daisy":1,"minecraft:andesite":22,"minecraft:flint":6,"minecraft:tuff":51,"minecraft:oak_log":10,"minecraft:yellow_bed":6,"minecraft:gunpowder":2,"minecraft:lapis_lazuli":163,"minecraft:dirt":342,"minecraft:bone":12,"minecraft:bow":7,"minecraft:wheat_seeds":305,"minecraft:raw_gold":31,"minecraft:iron_ingot":89,"minecraft:stone_pickaxe":1,"minecraft:oak_planks":86,"minecraft:iron_sword":14,"minecraft:soul_sand":94,"minecraft:music_disc_13":1,"minecraft:dandelion":2,"minecraft:lava_bucket":7,"minecraft:gravel":59,"minecraft:jungle_planks":18,"minecraft:iron_hoe":4,"minecraft:diamond":64,"minecraft:stone_axe":4,"minecraft:chainmail_leggings":7,"minecraft:iron_helmet":5,"minecraft:granite":172,"minecraft:bone_meal":10,"minecraft:golden_apple":7,"minecraft:bread":57,"minecraft:emerald":4,"minecraft:oak_sapling":4,"minecraft:netherrack":334,"minecraft:coal":241}},"DataVersion":3839}