{"stats":{"minecraft:used":{"minecraft:wheat_seeds":111,"minecraft:water_bucket":17,"minecraft:diorite":39,"minecraft:flint_and_steel":3,"minecraft:stone_shovel":50,"minecraft:stone_pickaxe":1550,"minecraft:ladder":4,"minecraft:chest":5,"minecraft:shield":72,"minecraft:iron_sword":42,"minecraft:netherrack":17,"minecraft:torch":330,"minecraft:dirt":382,"minecraft:crafting_table":7,"minecraft:tuff":36,"minecraft:granite":170,"minecraft:lava_bucket":14,"minecraft:bread":25,"minecraft:iron_pickaxe":1498,"minecraft:oak_stairs":58,"minecraft:iron_axe":21,"minecraft:gravel":14,"minecraft:stone_axe":19,"minecraft:bow":8,"minecraft:cobblestone":245,"minecraft:furnace":3,"minecraft:oak_sapling":4,"minecraft:bucket":37,"minecraft:andesite":1,"minecraft:yellow_bed":5,"minecraft:cobbled_deepslate":349,"minecraft:bone_meal":13},"minecraft:killed":{"minecraft:skeleton":6,"minecraft:zombie":6},"minecraft:killed_by":{"minecraft:ghast":5,"minecraft:zombified_piglin":2,"minecraft:skeleton":1,"minecraft:witch":1,"minecraft:zombie":1},"minecraft:broken":{"minecraft:stone_pickaxe":12,"minecraft:iron_pickaxe":6,"minecraft:stone_shovel":1},"minecraft:mined":{"minecraft:nether_gold_ore":2,"minecraft:deepslate_redstone_ore":5,"minecraft:tuff":43,"minecraft:oak_sapling":1,"minecraft:soul_sand":20,"minecraft:deepslate_diamond_ore":18,"minecraft:torch":11,"minecraft:crafting_table":3,"minecraft:glow_lichen":1,"minecraft:granite":170,"minecraft:short_grass":9,"minecraft:grass_block":78,"minecraft:chest":3,"minecraft:tall_grass":3,"minecraft:cobblestone":58,"minecraft:lapis_ore":9,"minecraft:deepslate_gold_ore":13,"minecraft:diorite":94,"minecraft:wall_torch":9,"minecraft:redstone_ore":5,"minecraft:iron_ore":55,"minecraft:cobbled_deepslate":24,"minecraft:wheat":108,"minecraft:andesite":23,"minecraft:deepslate_lapis_ore":14,"minecraft:yellow_bed":5,"minecraft:coal_ore":85,"minecraft:oak_log":10,"minecraft:deepslate_iron_ore":49,"minecraft:dirt_path":2,"minecraft:oak_stairs":2,"minecraft:gravel":40,"minecraft:dirt":105,"minecraft:stone":1093,"minecraft:netherrack":134,"minecraft:gold_ore":2,"minecraft:oak_leaves":45,"minecraft:deepslate":1101},"minecraft:picked_up":{"minecraft:crafting_table":3,"minecraft:iron_chestplate":6,"minecraft:wheat":109,"minecraft:ladder":3,"minecraft:andesite":22,"minecraft:oak_stairs":2,"minecraft:enchanted_book":1,"minecraft:flint":6,"minecraft:tuff":51,"minecraft:oak_log":10,"minecraft:yellow_bed":6,"minecraft:shield":9,"minecraft:gunpowder":2,"minecraft:music_disc_cat":1,"minecraft:lapis_lazuli":163,"minecraft:string":6,"minecraft:dirt":319,"minecraft:iron_axe":3,"minecraft:flint_and_steel":7,"minecraft:bone":8,"minecraft:bow":7,"minecraft:wheat_seeds":301,"minecraft:gold_nugget":24,"minecraft:cobbled_deepslate":2558,"minecraft:raw_gold":31,"minecraft:stone_pickaxe":1,"minecraft:iron_ingot":11,"minecraft:iron_pickaxe":6,"minecraft:melon_slice":21,"minecraft:chest":4,"minecraft:iron_sword":13,"minecraft:oak_planks":72,"minecraft:soul_sand":57,"minecraft:stick":1,"minecraft:raw_iron":330,"minecraft:music_disc_13":1,"minecraft:torch":107,"minecraft:gravel":59,"minecraft:lava_bucket":7,"minecraft:jungle_planks":18,"minecraft:diorite":94,"minecraft:redstone":75,"minecraft:iron_hoe":3,"minecraft:arrow":14,"minecraft:rotten_flesh":14,"minecraft:diamond":48,"minecraft:stone_axe":3,"minecraft:chainmail_leggings":6,"minecraft:iron_helmet":5,"minecraft:granite":172,"minecraft:bone_meal":10,"minecraft:golden_apple":7,"minecraft:emerald":3,"minecraft:bread":48,"minecraft:oak_sapling":4,"minecraft:netherrack":329,"minecraft:coal":224,"minecraft:cobblestone":1151},"minecraft:custom":{"minecraft:interact_with_furnace":34,"minecraft:mob_kills":12,"minecraft:interact_with_crafting_table":52,"minecraft:leave_game":39,"minecraft:time_since_death":6706,"minecraft:sleep_in_bed":10,"minecraft:climb_one_cm":4543,"minecraft:time_since_rest":6726,"minecraft:sprint_one_cm":212642,"minecraft:damage_taken":4711,"minecraft:walk_one_cm":882438,"minecraft:damage_blocked_by_shield":2752,"minecraft:drop":242,"minecraft:damage_dealt":1972,"minecraft:fly_one_cm":61455,"minecraft:open_chest":102,"minecraft:crouch_one_cm":20293,"minecraft:play_time":331836,"minecraft:sneak_time":9131,"minecraft:deaths":11,"minecraft:walk_under_water_one_cm":14044,"minecraft:jump":3136,"minecraft:walk_on_water_one_cm":31340,"minecraft:total_world_time":331836,"minecraft:fall_one_cm":67144},"minecraft:crafted":{"minecraft:oak_planks":56,"minecraft:crafting_table":5,"minecraft:furnace":3,"minecraft:bone_meal":18,"minecraft:bucket":3,"minecraft:stone_axe":1,"minecraft:bread":35,"minecraft:jungle_planks":112,"minecraft:shield":1,"minecraft:ladder":6,"minecraft:stick":108,"minecraft:iron_ingot":104,"minecraft:iron_pickaxe":6,"minecraft:stone_pickaxe":11,"minecraft:chest":2,"minecraft:torch":300},"minecraft:dropped":{"minecraft:iron_ingot":19,"minecraft:iron_sword":1,"minecraft:wheat_seeds":2,"minecraft:oak_log":64,"minecraft:sticky_piston":3,"minecraft:oak_planks":8,"minecraft:jungle_planks":78,"minecraft:acacia_log":64,"minecraft:flint_and_steel":1,"minecraft:emerald":50,"minecraft:jungle_log":32,"minecraft:yellow_bed":1,"minecraft:chest":1}},"DataVersion":3839}