{"stats":{"minecraft:broken":{"minecraft:stone_pickaxe":12,"minecraft:iron_axe":2,"minecraft:stone_axe":1,"minecraft:iron_pickaxe":8,"minecraft:stone_shovel":2},"minecraft:killed_by":{"minecraft:ghast":6,"minecraft:zombified_piglin":2,"minecraft:skeleton":1,"minecraft:witch":1,"minecraft:zombie":5},"minecraft:custom":{"minecraft:inspect_dropper":3,"minecraft:mob_kills":21,"minecraft:interact_with_crafting_table":74,"minecraft:leave_game":152,"minecraft:time_since_death":32244,"minecraft:climb_one_cm":20219,"minecraft:sprint_one_cm":396803,"minecraft:walk_one_cm":1680843,"minecraft:damage_blocked_by_shield":3175,"minecraft:drop":315,"minecraft:damage_dealt_absorbed":41,"minecraft:talked_to_villager":2,"minecraft:play_time":688892,"minecraft:deaths":18,"minecraft:sneak_time":9889,"minecraft:walk_under_water_one_cm":108851,"minecraft:boat_one_cm":34132,"minecraft:jump":6011,"minecraft:walk_on_water_one_cm":42106,"minecraft:total_world_time":688892,"minecraft:interact_with_furnace":66,"minecraft:sleep_in_bed":21,"minecraft:time_since_rest":8352,"minecraft:damage_taken":7492,"minecraft:damage_absorbed":2,"minecraft:damage_dealt":3202,"minecraft:swim_one_cm":2962,"minecraft:fly_one_cm":111184,"minecraft:open_chest":399,"minecraft:crouch_one_cm":22952,"minecraft:fall_one_cm":106680},"minecraft:picked_up":{"minecraft:iron_chestplate":6,"minecraft:crafting_table":13,"minecraft:wheat":224,"minecraft:azure_bluet":1,"minecraft:ladder":5,"minecraft:diamond_sword":1,"minecraft:oak_stairs":39,"minecraft:enchanted_book":1,"minecraft:shield":10,"minecraft:polished_deepslate":5,"minecraft:music_disc_cat":3,"minecraft:red_bed":6,"minecraft:string":12,"minecraft:soul_soil":7,"minecraft:raw_copper":9,"minecraft:iron_axe":4,"minecraft:flint_and_steel":7,"minecraft:diamond_leggings":3,"minecraft:gold_nugget":24,"minecraft:cobbled_deepslate":2622,"minecraft:poppy":6,"minecraft:iron_pickaxe":9,"minecraft:light_gray_wool":2,"minecraft:melon_slice":38,"minecraft:sugar_cane":1,"minecraft:chest":12,"minecraft:birch_sapling":9,"minecraft:furnace":6,"minecraft:stick":124,"minecraft:raw_iron":342,"minecraft:stone":102,"minecraft:torch":228,"minecraft:diorite":164,"minecraft:redstone":75,"minecraft:diamond_chestplate":5,"minecraft:arrow":17,"minecraft:rotten_flesh":61,"minecraft:stone_shovel":2,"minecraft:deepslate_bricks":2,"minecraft:diamond_boots":3,"minecraft:gold_ingot":17,"minecraft:mutton":6,"minecraft:white_wool":3,"minecraft:cobblestone":2076,"minecraft:oxeye_daisy":1,"minecraft:stripped_oak_log":3,"minecraft:birch_log":66,"minecraft:andesite":43,"minecraft:flint":6,"minecraft:tuff":59,"minecraft:oak_log":304,"minecraft:yellow_bed":6,"minecraft:gunpowder":4,"minecraft:lapis_lazuli":504,"minecraft:dirt":654,"minecraft:cooked_mutton":1,"minecraft:bone":19,"minecraft:apple":3,"minecraft:bow":11,"minecraft:orange_tulip":1,"minecraft:wheat_seeds":789,"minecraft:raw_gold":55,"minecraft:iron_ingot":233,"minecraft:stone_pickaxe":2,"minecraft:fletching_table":2,"minecraft:diamond_helmet":5,"minecraft:bamboo":2,"minecraft:iron_sword":14,"minecraft:oak_planks":275,"minecraft:soul_sand":94,"minecraft:music_disc_13":3,"minecraft:dandelion":2,"minecraft:gravel":131,"minecraft:lava_bucket":11,"minecraft:jungle_planks":18,"minecraft:iron_hoe":8,"minecraft:diamond":78,"minecraft:stone_axe":10,"minecraft:chainmail_leggings":7,"minecraft:iron_helmet":5,"minecraft:granite":255,"minecraft:bone_meal":35,"minecraft:golden_apple":8,"minecraft:emerald":6,"minecraft:bread":102,"minecraft:oak_sapling":52,"minecraft:netherrack":334,"minecraft:coal":331},"minecraft:crafted":{"minecraft:oak_planks":432,"minecraft:stone_shovel":1,"minecraft:furnace":5,"minecraft:bone_meal":18,"minecraft:polished_deepslate":200,"minecraft:iron_axe":2,"minecraft:ladder":6,"minecraft:stone_pickaxe":12,"minecraft:chest":30,"minecraft:diamond_sword":1,"minecraft:crafting_table":6,"minecraft:fletching_table":2,"minecraft:bucket":3,"minecraft:stone_axe":8,"minecraft:bread":72,"minecraft:jungle_planks":112,"minecraft:oak_boat":2,"minecraft:shield":2,"minecraft:stick":148,"minecraft:iron_ingot":104,"minecraft:iron_pickaxe":8,"minecraft:white_bed":1,"minecraft:torch":348,"minecraft:deepslate_bricks":64},"minecraft:dropped":{"minecraft:iron_ingot":19,"minecraft:iron_sword":1,"minecraft:wheat_seeds":5,"minecraft:oak_log":64,"minecraft:cobblestone":118,"minecraft:jungle_planks":78,"minecraft:fletching_table":1,"minecraft:acacia_log":64,"minecraft:golden_apple":2,"minecraft:emerald":50,"minecraft:lava_bucket":1,"minecraft:dirt":64,"minecraft:red_bed":4,"minecraft:torch":1,"minecraft:bone_meal":20,"minecraft:oak_stairs":21,"minecraft:iron_pickaxe":1,"minecraft:bucket":1,"minecraft:tuff":4,"minecraft:sticky_piston":3,"minecraft:stone_shovel":1,"minecraft:rotten_flesh":41,"minecraft:oak_planks":8,"minecraft:flint_and_steel":1,"minecraft:poppy":1,"minecraft:jungle_log":32,"minecraft:yellow_bed":1,"minecraft:ladder":2,"minecraft:chest":1,"minecraft:oak_sapling":6},"minecraft:killed":{"minecraft:skeleton":8,"minecraft:sheep":3,"minecraft:zombie":10},"minecraft:used":{"minecraft:polished_deepslate":139,"minecraft:flint_and_steel":3,"minecraft:stone_shovel":181,"minecraft:ladder":5,"minecraft:poppy":2,"minecraft:chest":40,"minecraft:shield":78,"minecraft:iron_sword":55,"minecraft:rotten_flesh":1,"minecraft:netherrack":36,"minecraft:torch":364,"minecraft:dirt":468,"minecraft:soul_sand":28,"minecraft:diamond_helmet":1,"minecraft:tuff":39,"minecraft:granite":173,"minecraft:iron_hoe":4,"minecraft:lava_bucket":15,"minecraft:iron_axe":300,"minecraft:oak_stairs":62,"minecraft:diamond_chestplate":1,"minecraft:bow":8,"minecraft:furnace":5,"minecraft:oak_sapling":16,"minecraft:cobbled_deepslate":415,"minecraft:wheat_seeds":225,"minecraft:cooked_mutton":1,"minecraft:water_bucket":18,"minecraft:diorite":39,"minecraft:diamond_boots":1,"minecraft:stone_pickaxe":1581,"minecraft:oak_planks":27,"minecraft:orange_tulip":1,"minecraft:fletching_table":3,"minecraft:sugar_cane":1,"minecraft:deepslate_bricks":66,"minecraft:golden_apple":1,"minecraft:crafting_table":12,"minecraft:red_bed":2,"minecraft:white_bed":1,"minecraft:oxeye_daisy":1,"minecraft:bread":43,"minecraft:melon_slice":7,"minecraft:iron_pickaxe":1999,"minecraft:gravel":14,"minecraft:stone_axe":339,"minecraft:diamond_sword":18,"minecraft:cobblestone":382,"minecraft:birch_log":14,"minecraft:bucket":38,"minecraft:andesite":1,"minecraft:yellow_bed":5,"minecraft:oak_boat":2,"minecraft:diamond_leggings":1,"minecraft:bone_meal":18,"minecraft:chainmail_leggings":1},"minecraft:mined":{"minecraft:nether_gold_ore":2,"minecraft:tuff":44,"minecraft:oak_sapling":1,"minecraft:deepslate_diamond_ore":21,"minecraft:glow_lichen":1,"minecraft:granite":199,"minecraft:grass_block":100,"minecraft:deepslate_bricks":2,"minecraft:soul_soil":7,"minecraft:oxeye_daisy":2,"minecraft:redstone_ore":5,"minecraft:furnace":3,"minecraft:iron_ore":59,"minecraft:cobbled_deepslate":33,"minecraft:andesite":23,"minecraft:deepslate_lapis_ore":14,"minecraft:azure_bluet":1,"minecraft:polished_deepslate":4,"minecraft:dirt_path":2,"minecraft:deepslate_iron_ore":49,"minecraft:oak_stairs":10,"minecraft:stripped_oak_log":3,"minecraft:stone":1482,"minecraft:deepslate_redstone_ore":5,"minecraft:glass_pane":4,"minecraft:red_bed":2,"minecraft:soul_sand":29,"minecraft:soul_fire":4,"minecraft:dandelion":4,"minecraft:crafting_table":8,"minecraft:torch":15,"minecraft:short_grass":35,"minecraft:poppy":7,"minecraft:chest":10,"minecraft:cobblestone":91,"minecraft:tall_grass":7,"minecraft:copper_ore":1,"minecraft:deepslate_gold_ore":15,"minecraft:lapis_ore":9,"minecraft:sugar_cane":1,"minecraft:oak_planks":17,"minecraft:diorite":107,"minecraft:wall_torch":10,"minecraft:birch_log":66,"minecraft:wheat":219,"minecraft:birch_leaves":4,"minecraft:orange_tulip":1,"minecraft:yellow_bed":5,"minecraft:oak_log":315,"minecraft:coal_ore":85,"minecraft:gravel":42,"minecraft:dirt":306,"minecraft:netherrack":134,"minecraft:gold_ore":8,"minecraft:oak_leaves":205,"minecraft:deepslate":1108}},"DataVersion":3839}