{"stats":{"minecraft:broken":{"minecraft:stone_pickaxe":12,"minecraft:iron_pickaxe":5,"minecraft:stone_shovel":1},"minecraft:killed_by":{"minecraft:skeleton":1,"minecraft:witch":1,"minecraft:zombie":1},"minecraft:custom":{"minecraft:interact_with_furnace":12,"minecraft:mob_kills":12,"minecraft:interact_with_crafting_table":49,"minecraft:leave_game":31,"minecraft:time_since_death":38695,"minecraft:sleep_in_bed":10,"minecraft:climb_one_cm":4543,"minecraft:time_since_rest":7869,"minecraft:sprint_one_cm":188979,"minecraft:damage_taken":2089,"minecraft:walk_one_cm":726417,"minecraft:damage_blocked_by_shield":2752,"minecraft:drop":242,"minecraft:damage_dealt":1919,"minecraft:fly_one_cm":47378,"minecraft:open_chest":70,"minecraft:crouch_one_cm":12590,"minecraft:play_time":276706,"minecraft:sneak_time":5830,"minecraft:deaths":3,"minecraft:walk_under_water_one_cm":14044,"minecraft:jump":2422,"minecraft:walk_on_water_one_cm":29835,"minecraft:total_world_time":276706,"minecraft:fall_one_cm":35789},"minecraft:picked_up":{"minecraft:crafting_table":3,"minecraft:iron_chestplate":3,"minecraft:wheat":109,"minecraft:ladder":3,"minecraft:andesite":22,"minecraft:oak_stairs":2,"minecraft:enchanted_book":1,"minecraft:flint":6,"minecraft:tuff":44,"minecraft:oak_log":10,"minecraft:yellow_bed":6,"minecraft:shield":3,"minecraft:gunpowder":2,"minecraft:lapis_lazuli":163,"minecraft:music_disc_cat":1,"minecraft:string":6,"minecraft:dirt":225,"minecraft:iron_axe":3,"minecraft:flint_and_steel":4,"minecraft:bone":8,"minecraft:bow":5,"minecraft:wheat_seeds":301,"minecraft:cobbled_deepslate":1489,"minecraft:raw_gold":31,"minecraft:iron_ingot":11,"minecraft:stone_pickaxe":1,"minecraft:iron_pickaxe":3,"minecraft:melon_slice":21,"minecraft:chest":3,"minecraft:iron_sword":7,"minecraft:oak_planks":72,"minecraft:stick":1,"minecraft:raw_iron":330,"minecraft:music_disc_13":1,"minecraft:torch":106,"minecraft:gravel":59,"minecraft:lava_bucket":3,"minecraft:jungle_planks":18,"minecraft:diorite":94,"minecraft:redstone":75,"minecraft:iron_hoe":3,"minecraft:arrow":11,"minecraft:rotten_flesh":14,"minecraft:diamond":48,"minecraft:stone_axe":3,"minecraft:chainmail_leggings":3,"minecraft:iron_helmet":2,"minecraft:granite":172,"minecraft:bone_meal":10,"minecraft:golden_apple":7,"minecraft:emerald":3,"minecraft:bread":42,"minecraft:oak_sapling":4,"minecraft:coal":224,"minecraft:cobblestone":1118},"minecraft:crafted":{"minecraft:oak_planks":56,"minecraft:crafting_table":4,"minecraft:furnace":2,"minecraft:bucket":1,"minecraft:bone_meal":18,"minecraft:stone_axe":1,"minecraft:bread":35,"minecraft:jungle_planks":112,"minecraft:shield":1,"minecraft:ladder":6,"minecraft:stick":108,"minecraft:iron_ingot":21,"minecraft:iron_pickaxe":6,"minecraft:stone_pickaxe":11,"minecraft:chest":2,"minecraft:torch":300},"minecraft:dropped":{"minecraft:iron_ingot":19,"minecraft:iron_sword":1,"minecraft:wheat_seeds":2,"minecraft:oak_log":64,"minecraft:sticky_piston":3,"minecraft:oak_planks":8,"minecraft:jungle_planks":78,"minecraft:acacia_log":64,"minecraft:flint_and_steel":1,"minecraft:emerald":50,"minecraft:jungle_log":32,"minecraft:yellow_bed":1,"minecraft:chest":1},"minecraft:killed":{"minecraft:skeleton":6,"minecraft:zombie":6},"minecraft:used":{"minecraft:wheat_seeds":111,"minecraft:water_bucket":11,"minecraft:diorite":39,"minecraft:flint_and_steel":2,"minecraft:stone_shovel":50,"minecraft:stone_pickaxe":1550,"minecraft:ladder":4,"minecraft:chest":4,"minecraft:shield":72,"minecraft:iron_sword":42,"minecraft:torch":324,"minecraft:dirt":350,"minecraft:crafting_table":7,"minecraft:tuff":29,"minecraft:granite":169,"minecraft:lava_bucket":8,"minecraft:bread":24,"minecraft:iron_pickaxe":1301,"minecraft:oak_stairs":17,"minecraft:iron_axe":20,"minecraft:gravel":14,"minecraft:stone_axe":19,"minecraft:bow":6,"minecraft:cobblestone":245,"minecraft:furnace":2,"minecraft:oak_sapling":4,"minecraft:bucket":21,"minecraft:andesite":1,"minecraft:yellow_bed":5,"minecraft:cobbled_deepslate":275,"minecraft:bone_meal":13},"minecraft:mined":{"minecraft:deepslate_redstone_ore":5,"minecraft:tuff":43,"minecraft:oak_sapling":1,"minecraft:deepslate_diamond_ore":18,"minecraft:glow_lichen":1,"minecraft:crafting_table":3,"minecraft:torch":11,"minecraft:granite":170,"minecraft:short_grass":9,"minecraft:grass_block":78,"minecraft:chest":2,"minecraft:cobblestone":49,"minecraft:tall_grass":3,"minecraft:lapis_ore":9,"minecraft:deepslate_gold_ore":13,"minecraft:diorite":94,"minecraft:wall_torch":9,"minecraft:redstone_ore":5,"minecraft:iron_ore":55,"minecraft:wheat":108,"minecraft:cobbled_deepslate":22,"minecraft:andesite":23,"minecraft:deepslate_lapis_ore":14,"minecraft:yellow_bed":5,"minecraft:coal_ore":85,"minecraft:oak_log":10,"minecraft:deepslate_iron_ore":49,"minecraft:dirt_path":2,"minecraft:oak_stairs":2,"minecraft:gravel":40,"minecraft:dirt":77,"minecraft:stone":1093,"minecraft:gold_ore":2,"minecraft:oak_leaves":45,"minecraft:deepslate":1073}},"DataVersion":3839}