{"stats":{"minecraft:crafted":{"minecraft:crafting_table":1,"minecraft:ladder":3},"minecraft:used":{"minecraft:crafting_table":1},"minecraft:picked_up":{"minecraft:flint_and_steel":1},"minecraft:dropped":{"minecraft:flint_and_steel":1},"minecraft:custom":{"minecraft:time_since_rest":2821,"minecraft:play_time":2821,"minecraft:leave_game":2,"minecraft:sprint_one_cm":1651,"minecraft:time_since_death":2821,"minecraft:walk_one_cm":5090,"minecraft:total_world_time":2821,"minecraft:interact_with_crafting_table":1,"minecraft:drop":1,"minecraft:fly_one_cm":28}},"DataVersion":3839}