{"stats":{"minecraft:dropped":{"minecraft:iron_ingot":19,"minecraft:iron_sword":1,"minecraft:wheat_seeds":9,"minecraft:oak_log":64,"minecraft:cobblestone":118,"minecraft:jungle_planks":78,"minecraft:fletching_table":1,"minecraft:acacia_log":64,"minecraft:golden_apple":2,"minecraft:emerald":50,"minecraft:lava_bucket":1,"minecraft:dirt":64,"minecraft:red_bed":4,"minecraft:torch":1,"minecraft:rose_bush":1,"minecraft:bone_meal":20,"minecraft:oak_stairs":21,"minecraft:iron_pickaxe":1,"minecraft:bucket":1,"minecraft:oak_door":2,"minecraft:sticky_piston":3,"minecraft:tuff":4,"minecraft:stone_shovel":1,"minecraft:rotten_flesh":43,"minecraft:oak_planks":8,"minecraft:flint_and_steel":1,"minecraft:poppy":1,"minecraft:peony":4,"minecraft:ladder":2,"minecraft:jungle_log":32,"minecraft:yellow_bed":1,"minecraft:chest":1,"minecraft:oak_sapling":13,"minecraft:red_tulip":2},"minecraft:custom":{"minecraft:inspect_dropper":3,"minecraft:mob_kills":26,"minecraft:interact_with_crafting_table":113,"minecraft:leave_game":213,"minecraft:time_since_death":22471,"minecraft:climb_one_cm":20219,"minecraft:sprint_one_cm":493967,"minecraft:walk_one_cm":2079380,"minecraft:damage_blocked_by_shield":3405,"minecraft:drop":328,"minecraft:damage_dealt_absorbed":41,"minecraft:talked_to_villager":2,"minecraft:play_time":881037,"minecraft:deaths":22,"minecraft:sneak_time":9889,"minecraft:walk_under_water_one_cm":113028,"minecraft:boat_one_cm":34132,"minecraft:jump":7689,"minecraft:walk_on_water_one_cm":47026,"minecraft:total_world_time":881037,"minecraft:interact_with_furnace":66,"minecraft:sleep_in_bed":31,"minecraft:time_since_rest":22492,"minecraft:damage_taken":8794,"minecraft:damage_absorbed":2,"minecraft:damage_dealt":4469,"minecraft:swim_one_cm":3415,"minecraft:fly_one_cm":148749,"minecraft:open_chest":442,"minecraft:crouch_one_cm":22952,"minecraft:fall_one_cm":138570},"minecraft:killed":{"minecraft:spider":2,"minecraft:skeleton":8,"minecraft:wandering_trader":1,"minecraft:sheep":3,"minecraft:trader_llama":2,"minecraft:zombie":10},"minecraft:killed_by":{"minecraft:ghast":6,"minecraft:zombified_piglin":2,"minecraft:skeleton":2,"minecraft:witch":1,"minecraft:zombie":8},"minecraft:broken":{"minecraft:wooden_pickaxe":1,"minecraft:stone_pickaxe":13,"minecraft:iron_axe":2,"minecraft:stone_axe":9,"minecraft:iron_pickaxe":8,"minecraft:stone_shovel":2},"minecraft:used":{"minecraft:rose_bush":1,"minecraft:flint_and_steel":4,"minecraft:polished_deepslate":139,"minecraft:stone_shovel":181,"minecraft:ladder":5,"minecraft:poppy":3,"minecraft:chest":42,"minecraft:shield":90,"minecraft:iron_sword":55,"minecraft:rotten_flesh":1,"minecraft:netherrack":36,"minecraft:oak_door":1,"minecraft:torch":364,"minecraft:dirt":547,"minecraft:soul_sand":28,"minecraft:mutton":6,"minecraft:diamond_helmet":1,"minecraft:tuff":39,"minecraft:granite":173,"minecraft:iron_hoe":4,"minecraft:lava_bucket":15,"minecraft:red_tulip":2,"minecraft:iron_axe":300,"minecraft:oak_stairs":62,"minecraft:birch_sapling":13,"minecraft:diamond_chestplate":1,"minecraft:bow":8,"minecraft:furnace":5,"minecraft:oak_sapling":72,"minecraft:cobbled_deepslate":415,"minecraft:wheat_seeds":225,"minecraft:cooked_mutton":1,"minecraft:water_bucket":18,"minecraft:diorite":39,"minecraft:diamond_boots":1,"minecraft:stripped_birch_log":1,"minecraft:stone_pickaxe":1713,"minecraft:oak_planks":37,"minecraft:orange_tulip":1,"minecraft:wooden_pickaxe":59,"minecraft:sugar_cane":1,"minecraft:fletching_table":3,"minecraft:deepslate_bricks":66,"minecraft:golden_apple":1,"minecraft:crafting_table":13,"minecraft:red_bed":2,"minecraft:white_bed":2,"minecraft:oak_log":1,"minecraft:apple":9,"minecraft:oxeye_daisy":1,"minecraft:bread":43,"minecraft:melon_slice":7,"minecraft:iron_pickaxe":1999,"minecraft:gravel":21,"minecraft:stone_axe":1338,"minecraft:diamond_sword":38,"minecraft:cobblestone":399,"minecraft:bucket":38,"minecraft:andesite":1,"minecraft:birch_log":59,"minecraft:yellow_bed":5,"minecraft:oak_boat":2,"minecraft:bone_meal":18,"minecraft:diamond_leggings":1,"minecraft:chainmail_leggings":1},"minecraft:crafted":{"minecraft:oak_door":3,"minecraft:oak_planks":436,"minecraft:stone_shovel":1,"minecraft:furnace":5,"minecraft:bone_meal":18,"minecraft:flint_and_steel":1,"minecraft:polished_deepslate":200,"minecraft:iron_axe":2,"minecraft:ladder":6,"minecraft:stone_pickaxe":14,"minecraft:chest":32,"minecraft:diamond_sword":1,"minecraft:crafting_table":7,"minecraft:wooden_pickaxe":1,"minecraft:fletching_table":2,"minecraft:birch_planks":8,"minecraft:bucket":3,"minecraft:stone_axe":16,"minecraft:bread":72,"minecraft:jungle_planks":112,"minecraft:oak_boat":2,"minecraft:shield":2,"minecraft:stick":156,"minecraft:iron_ingot":104,"minecraft:iron_pickaxe":8,"minecraft:white_bed":1,"minecraft:torch":348,"minecraft:deepslate_bricks":64},"minecraft:mined":{"minecraft:nether_gold_ore":2,"minecraft:tuff":44,"minecraft:white_bed":1,"minecraft:oak_sapling":5,"minecraft:deepslate_diamond_ore":21,"minecraft:stripped_birch_log":3,"minecraft:glow_lichen":1,"minecraft:granite":199,"minecraft:grass_block":135,"minecraft:deepslate_bricks":2,"minecraft:soul_soil":7,"minecraft:oxeye_daisy":2,"minecraft:redstone_ore":5,"minecraft:furnace":3,"minecraft:iron_ore":59,"minecraft:cobbled_deepslate":33,"minecraft:andesite":23,"minecraft:deepslate_lapis_ore":14,"minecraft:azure_bluet":1,"minecraft:peony":4,"minecraft:polished_deepslate":4,"minecraft:red_tulip":4,"minecraft:dirt_path":2,"minecraft:deepslate_iron_ore":49,"minecraft:oak_stairs":10,"minecraft:stripped_oak_log":3,"minecraft:stone":1557,"minecraft:deepslate_redstone_ore":5,"minecraft:glass_pane":4,"minecraft:red_bed":2,"minecraft:soul_sand":29,"minecraft:soul_fire":4,"minecraft:dandelion":5,"minecraft:crafting_table":9,"minecraft:torch":15,"minecraft:short_grass":49,"minecraft:poppy":8,"minecraft:chest":10,"minecraft:rose_bush":1,"minecraft:cobblestone":106,"minecraft:copper_ore":1,"minecraft:tall_grass":8,"minecraft:oak_planks":24,"minecraft:deepslate_gold_ore":15,"minecraft:lapis_ore":9,"minecraft:sugar_cane":1,"minecraft:diorite":107,"minecraft:wall_torch":10,"minecraft:birch_log":233,"minecraft:wheat":219,"minecraft:birch_leaves":25,"minecraft:orange_tulip":1,"minecraft:yellow_bed":5,"minecraft:bee_nest":1,"minecraft:oak_log":806,"minecraft:coal_ore":122,"minecraft:gravel":51,"minecraft:dirt":353,"minecraft:netherrack":134,"minecraft:gold_ore":8,"minecraft:oak_leaves":811,"minecraft:deepslate":1108},"minecraft:picked_up":{"minecraft:iron_chestplate":6,"minecraft:crafting_table":19,"minecraft:wheat":224,"minecraft:azure_bluet":1,"minecraft:ladder":5,"minecraft:lead":2,"minecraft:diamond_sword":5,"minecraft:oak_stairs":39,"minecraft:enchanted_book":1,"minecraft:shield":14,"minecraft:polished_deepslate":5,"minecraft:music_disc_cat":3,"minecraft:red_bed":6,"minecraft:string":15,"minecraft:soul_soil":7,"minecraft:raw_copper":9,"minecraft:iron_axe":4,"minecraft:flint_and_steel":9,"minecraft:diamond_leggings":7,"minecraft:gold_nugget":24,"minecraft:cobbled_deepslate":2622,"minecraft:rose_bush":2,"minecraft:poppy":8,"minecraft:iron_pickaxe":9,"minecraft:light_gray_wool":2,"minecraft:melon_slice":38,"minecraft:sugar_cane":1,"minecraft:chest":12,"minecraft:birch_sapling":28,"minecraft:furnace":6,"minecraft:stick":371,"minecraft:raw_iron":342,"minecraft:stone":102,"minecraft:torch":228,"minecraft:diorite":164,"minecraft:redstone":75,"minecraft:diamond_chestplate":8,"minecraft:arrow":20,"minecraft:rotten_flesh":64,"minecraft:stone_shovel":2,"minecraft:peony":4,"minecraft:deepslate_bricks":2,"minecraft:diamond_boots":7,"minecraft:red_tulip":7,"minecraft:gold_ingot":17,"minecraft:mutton":24,"minecraft:white_wool":3,"minecraft:cobblestone":2248,"minecraft:oxeye_daisy":1,"minecraft:stripped_oak_log":3,"minecraft:birch_log":399,"minecraft:andesite":43,"minecraft:flint":7,"minecraft:tuff":59,"minecraft:oak_log":1685,"minecraft:yellow_bed":6,"minecraft:gunpowder":4,"minecraft:lapis_lazuli":504,"minecraft:dirt":744,"minecraft:stripped_birch_log":6,"minecraft:cooked_mutton":1,"minecraft:bone":19,"minecraft:apple":18,"minecraft:bow":14,"minecraft:wheat_seeds":796,"minecraft:orange_tulip":1,"minecraft:raw_gold":55,"minecraft:iron_ingot":236,"minecraft:stone_pickaxe":3,"minecraft:fletching_table":2,"minecraft:diamond_helmet":9,"minecraft:bamboo":2,"minecraft:iron_sword":14,"minecraft:oak_planks":366,"minecraft:soul_sand":94,"minecraft:music_disc_13":3,"minecraft:dandelion":2,"minecraft:gravel":138,"minecraft:lava_bucket":11,"minecraft:jungle_planks":18,"minecraft:white_bed":1,"minecraft:iron_hoe":11,"minecraft:diamond":78,"minecraft:stone_axe":15,"minecraft:chainmail_leggings":7,"minecraft:iron_helmet":5,"minecraft:granite":255,"minecraft:bone_meal":35,"minecraft:golden_apple":8,"minecraft:emerald":6,"minecraft:bread":102,"minecraft:oak_sapling":208,"minecraft:netherrack":334,"minecraft:coal":405}},"DataVersion":3839}