{"stats":{"minecraft:broken":{"minecraft:iron_axe":3},"minecraft:killed_by":{"minecraft:ghast":1,"minecraft:piglin":1},"minecraft:custom":{"minecraft:inspect_dropper":1,"minecraft:mob_kills":117,"minecraft:interact_with_crafting_table":58,"minecraft:fill_cauldron":2,"minecraft:bell_ring":2,"minecraft:leave_game":47,"minecraft:time_since_death":134275,"minecraft:climb_one_cm":3772,"minecraft:sprint_one_cm":885294,"minecraft:walk_one_cm":674742,"minecraft:damage_blocked_by_shield":1875,"minecraft:drop":66,"minecraft:damage_dealt_absorbed":2,"minecraft:talked_to_villager":74,"minecraft:play_time":406871,"minecraft:deaths":4,"minecraft:sneak_time":12028,"minecraft:walk_under_water_one_cm":12292,"minecraft:boat_one_cm":49718,"minecraft:jump":7589,"minecraft:interact_with_blast_furnace":1,"minecraft:walk_on_water_one_cm":20550,"minecraft:total_world_time":406871,"minecraft:interact_with_furnace":9,"minecraft:traded_with_villager":241,"minecraft:sleep_in_bed":13,"minecraft:time_since_rest":2367,"minecraft:damage_taken":4356,"minecraft:damage_absorbed":200,"minecraft:damage_dealt":15817,"minecraft:swim_one_cm":37595,"minecraft:fly_one_cm":1660336,"minecraft:open_chest":200,"minecraft:crouch_one_cm":41323,"minecraft:use_cauldron":2,"minecraft:fish_caught":18,"minecraft:fall_one_cm":185396,"minecraft:inspect_dispenser":3},"minecraft:picked_up":{"minecraft:fishing_rod":2,"minecraft:crafting_table":7,"minecraft:iron_chestplate":2,"minecraft:wheat":1,"minecraft:azure_bluet":1,"minecraft:nether_brick_fence":2,"minecraft:nether_wart":20,"minecraft:oak_stairs":4,"minecraft:potion":1,"minecraft:nether_brick":15,"minecraft:shield":2,"minecraft:golden_sword":1,"minecraft:string":10,"minecraft:red_bed":1,"minecraft:soul_soil":20,"minecraft:iron_axe":3,"minecraft:flint_and_steel":3,"minecraft:iron_leggings":2,"minecraft:sticky_piston":3,"minecraft:pufferfish":2,"minecraft:blackstone":30,"minecraft:diamond_leggings":1,"minecraft:gold_nugget":213,"minecraft:cobbled_deepslate":272,"minecraft:bucket":1,"minecraft:beef":2,"minecraft:oak_boat":14,"minecraft:light_gray_wool":5,"minecraft:minecart":3,"minecraft:sugar_cane":121,"minecraft:chest":1,"minecraft:birch_sapling":22,"minecraft:iron_boots":2,"minecraft:egg":2,"minecraft:stick":67,"minecraft:oak_door":2,"minecraft:torch":22,"minecraft:acacia_log":64,"minecraft:fire_charge":1,"minecraft:carrot":35,"minecraft:stone_shovel":1,"minecraft:arrow":19,"minecraft:rotten_flesh":7,"minecraft:tropical_fish":1,"minecraft:beetroot_seeds":1,"minecraft:nether_bricks":4,"minecraft:shears":2,"minecraft:diamond_boots":1,"minecraft:gold_ingot":129,"minecraft:blaze_rod":1,"minecraft:obsidian":14,"minecraft:rail":13,"minecraft:cod":10,"minecraft:white_wool":10,"minecraft:bone_block":19,"minecraft:cobblestone":493,"minecraft:birch_log":130,"minecraft:magma_cream":1,"minecraft:feather":3,"minecraft:cooked_beef":28,"minecraft:salmon":5,"minecraft:glow_ink_sac":16,"minecraft:tripwire_hook":1,"minecraft:water_bucket":2,"minecraft:jungle_log":32,"minecraft:leather":8,"minecraft:potato":52,"minecraft:flint":2,"minecraft:tuff":5,"minecraft:oak_log":569,"minecraft:lily_pad":1,"minecraft:yellow_bed":3,"minecraft:gunpowder":5,"minecraft:dirt":146,"minecraft:white_banner":1,"minecraft:twisting_vines":8,"minecraft:cooked_mutton":7,"minecraft:bone":32,"minecraft:apple":8,"minecraft:bow":3,"minecraft:warped_stem":4,"minecraft:wheat_seeds":32,"minecraft:raw_gold":8,"minecraft:iron_ingot":19,"minecraft:grindstone":6,"minecraft:cooked_chicken":2,"minecraft:fletching_table":3,"minecraft:powered_rail":6,"minecraft:oak_planks":8,"minecraft:iron_sword":5,"minecraft:soul_sand":38,"minecraft:warped_fungus":1,"minecraft:cooked_porkchop":23,"minecraft:quartz":19,"minecraft:dandelion":4,"minecraft:gravel":53,"minecraft:lava_bucket":1,"minecraft:jungle_planks":76,"minecraft:blast_furnace":1,"minecraft:white_bed":2,"minecraft:grass_block":1,"minecraft:spectral_arrow":7,"minecraft:slime_ball":16,"minecraft:diamond":5,"minecraft:chainmail_leggings":1,"minecraft:warped_roots":2,"minecraft:golden_apple":13,"minecraft:emerald":50,"minecraft:oak_sapling":110,"minecraft:netherrack":157,"minecraft:crimson_roots":1,"minecraft:coal":1,"minecraft:oak_leaves":6,"minecraft:ender_pearl":3,"minecraft:diamond_pickaxe":2},"minecraft:crafted":{"minecraft:grindstone":1,"minecraft:oak_planks":2268,"minecraft:chainmail_helmet":12,"minecraft:oak_sign":9,"minecraft:fishing_rod":1,"minecraft:blast_furnace":1,"minecraft:bookshelf":4,"minecraft:flint_and_steel":1,"minecraft:oak_trapdoor":4,"minecraft:warped_planks":16,"minecraft:diamond_helmet":2,"minecraft:bow":1,"minecraft:diamond_leggings":2,"minecraft:iron_axe":13,"minecraft:stone_pickaxe":1,"minecraft:chest":4,"minecraft:diamond_boots":2,"minecraft:chainmail_leggings":13,"minecraft:golden_boots":3,"minecraft:oak_slab":6,"minecraft:diamond_sword":1,"minecraft:emerald":187,"minecraft:crafting_table":2,"minecraft:enchanting_table":1,"minecraft:iron_helmet":10,"minecraft:iron_sword":2,"minecraft:birch_planks":512,"minecraft:jungle_planks":128,"minecraft:light_gray_bed":1,"minecraft:oak_boat":4,"minecraft:golden_apple":2,"minecraft:lectern":1,"minecraft:book":17,"minecraft:paper":63,"minecraft:diamond_pickaxe":2,"minecraft:gold_nugget":225,"minecraft:shield":1,"minecraft:stick":6216,"minecraft:stone_slab":6,"minecraft:gold_ingot":2,"minecraft:white_bed":2,"minecraft:acacia_planks":256,"minecraft:golden_carrot":18,"minecraft:diamond_chestplate":2},"minecraft:dropped":{"minecraft:soul_sand":36,"minecraft:iron_sword":2,"minecraft:oak_slab":2,"minecraft:wheat_seeds":32,"minecraft:diamond":5,"minecraft:diamond_leggings":1,"minecraft:cobblestone":5,"minecraft:iron_helmet":1,"minecraft:warped_roots":2,"minecraft:fletching_table":2,"minecraft:golden_apple":9,"minecraft:flint":1,"minecraft:dirt":93,"minecraft:diamond_helmet":1,"minecraft:oak_stairs":4,"minecraft:gold_nugget":1,"minecraft:chainmail_leggings":2,"minecraft:white_wool":4,"minecraft:gold_ingot":46,"minecraft:lily_pad":1,"minecraft:dandelion":1,"minecraft:gravel":18,"minecraft:blackstone":23,"minecraft:sugar_cane":1,"minecraft:soul_soil":7,"minecraft:nether_brick":10,"minecraft:rotten_flesh":7,"minecraft:light_gray_wool":1,"minecraft:cooked_mutton":1,"minecraft:warped_planks":16,"minecraft:gunpowder":2,"minecraft:diamond_chestplate":1,"minecraft:yellow_bed":1,"minecraft:oak_sapling":4,"minecraft:diamond_boots":1,"minecraft:arrow":2,"minecraft:beef":2,"minecraft:oak_leaves":4},"minecraft:killed":{"minecraft:slime":16,"minecraft:skeleton":21,"minecraft:magma_cube":9,"minecraft:piglin":11,"minecraft:pig":3,"minecraft:creeper":4,"minecraft:sheep":5,"minecraft:pillager":3,"minecraft:zombie":10,"minecraft:ghast":1,"minecraft:wither_skeleton":1,"minecraft:villager":1,"minecraft:blaze":2,"minecraft:enderman":8,"minecraft:cow":8},"minecraft:used":{"minecraft:oak_trapdoor":2,"minecraft:enchanting_table":1,"minecraft:flint_and_steel":48,"minecraft:stone_shovel":42,"minecraft:oak_sign":1,"minecraft:chest":5,"minecraft:shield":55,"minecraft:iron_sword":128,"minecraft:netherrack":112,"minecraft:cooked_chicken":2,"minecraft:oak_door":1,"minecraft:iron_chestplate":2,"minecraft:torch":22,"minecraft:dirt":25,"minecraft:diamond_helmet":2,"minecraft:tuff":2,"minecraft:azure_bluet":1,"minecraft:obsidian":10,"minecraft:milk_bucket":1,"minecraft:lava_bucket":8,"minecraft:bookshelf":3,"minecraft:iron_axe":921,"minecraft:birch_sapling":17,"minecraft:iron_helmet":1,"minecraft:iron_boots":1,"minecraft:crimson_roots":1,"minecraft:light_gray_wool":1,"minecraft:golden_carrot":2,"minecraft:bow":10,"minecraft:oak_sapling":106,"minecraft:cooked_beef":19,"minecraft:cobbled_deepslate":154,"minecraft:iron_leggings":1,"minecraft:light_gray_bed":1,"minecraft:golden_boots":1,"minecraft:cooked_mutton":6,"minecraft:water_bucket":52,"minecraft:stone_pickaxe":72,"minecraft:powered_rail":7,"minecraft:blackstone":7,"minecraft:ender_pearl":1,"minecraft:cauldron":1,"minecraft:fletching_table":1,"minecraft:sugar_cane":64,"minecraft:oak_leaves":2,"minecraft:golden_apple":5,"minecraft:rail":18,"minecraft:crafting_table":6,"minecraft:red_bed":2,"minecraft:blast_furnace":2,"minecraft:white_bed":3,"minecraft:shears":6,"minecraft:oak_log":2,"minecraft:diamond_pickaxe":569,"minecraft:gravel":13,"minecraft:stone_axe":3,"minecraft:fishing_rod":29,"minecraft:fire_charge":1,"minecraft:cobblestone":432,"minecraft:potion":1,"minecraft:grindstone":7,"minecraft:white_banner":1,"minecraft:cooked_porkchop":21,"minecraft:bucket":62,"minecraft:birch_log":2,"minecraft:yellow_bed":2,"minecraft:oak_boat":11,"minecraft:dandelion":3},"minecraft:mined":{"minecraft:nether_gold_ore":53,"minecraft:tuff":5,"minecraft:white_bed":2,"minecraft:oak_sapling":6,"minecraft:oak_door":2,"minecraft:obsidian":14,"minecraft:nether_bricks":7,"minecraft:granite":1,"minecraft:grass_block":30,"minecraft:crimson_roots":1,"minecraft:nether_wart":20,"minecraft:carrots":24,"minecraft:cobbled_deepslate":3,"minecraft:fire":56,"minecraft:fletching_table":2,"minecraft:azure_bluet":1,"minecraft:nether_brick_fence":2,"minecraft:twisting_vines":11,"minecraft:potatoes":49,"minecraft:dirt_path":7,"minecraft:rail":13,"minecraft:warped_stem":4,"minecraft:stone":19,"minecraft:bone_block":19,"minecraft:red_bed":1,"minecraft:soul_sand":5,"minecraft:twisting_vines_plant":3,"minecraft:soul_fire":4,"minecraft:dandelion":5,"minecraft:crafting_table":5,"minecraft:torch":5,"minecraft:short_grass":78,"minecraft:blast_furnace":1,"minecraft:warped_roots":3,"minecraft:chest":1,"minecraft:nether_quartz_ore":12,"minecraft:tall_grass":5,"minecraft:cobblestone":182,"minecraft:deepslate_gold_ore":8,"minecraft:grindstone":6,"minecraft:sugar_cane":72,"minecraft:wall_torch":14,"minecraft:powered_rail":6,"minecraft:birch_log":130,"minecraft:wheat":17,"minecraft:birch_leaves":14,"minecraft:light_gray_wool":1,"minecraft:yellow_bed":2,"minecraft:oak_log":506,"minecraft:beetroots":13,"minecraft:gravel":27,"minecraft:dirt":22,"minecraft:netherrack":178,"minecraft:oak_leaves":101,"minecraft:deepslate":101}},"DataVersion":3839}