{"stats":{"minecraft:broken":{"minecraft:iron_axe":3},"minecraft:killed_by":{"minecraft:ghast":1,"minecraft:piglin":1},"minecraft:custom":{"minecraft:interact_with_crafting_table":61,"minecraft:bell_ring":2,"minecraft:leave_game":59,"minecraft:time_since_death":237556,"minecraft:sprint_one_cm":1141358,"minecraft:damage_blocked_by_shield":2610,"minecraft:drop":77,"minecraft:talked_to_villager":75,"minecraft:play_time":510152,"minecraft:deaths":4,"minecraft:jump":9877,"minecraft:walk_on_water_one_cm":36856,"minecraft:interact_with_furnace":9,"minecraft:traded_with_villager":241,"minecraft:sleep_in_bed":14,"minecraft:damage_dealt":19723,"minecraft:crouch_one_cm":48618,"minecraft:use_cauldron":2,"minecraft:inspect_dispenser":3,"minecraft:inspect_dropper":1,"minecraft:mob_kills":134,"minecraft:fill_cauldron":2,"minecraft:climb_one_cm":5926,"minecraft:walk_one_cm":785175,"minecraft:damage_dealt_absorbed":2,"minecraft:sneak_time":16446,"minecraft:walk_under_water_one_cm":21480,"minecraft:boat_one_cm":461194,"minecraft:interact_with_blast_furnace":1,"minecraft:total_world_time":510152,"minecraft:time_since_rest":55191,"minecraft:damage_absorbed":240,"minecraft:damage_taken":5640,"minecraft:swim_one_cm":65301,"minecraft:fly_one_cm":2151410,"minecraft:open_chest":210,"minecraft:fish_caught":18,"minecraft:fall_one_cm":244379},"minecraft:picked_up":{"minecraft:iron_chestplate":2,"minecraft:wheat":1,"minecraft:nether_brick_fence":2,"minecraft:oak_stairs":4,"minecraft:potion":1,"minecraft:nether_brick":15,"minecraft:golden_sword":1,"minecraft:string":10,"minecraft:raw_copper":16,"minecraft:soul_soil":20,"minecraft:iron_leggings":2,"minecraft:sticky_piston":3,"minecraft:pufferfish":2,"minecraft:diamond_leggings":1,"minecraft:gold_nugget":213,"minecraft:cobbled_deepslate":336,"minecraft:bucket":1,"minecraft:ender_eye":4,"minecraft:iron_boots":2,"minecraft:stick":69,"minecraft:torch":22,"minecraft:acacia_log":64,"minecraft:stone_sword":2,"minecraft:rotten_flesh":7,"minecraft:tropical_fish":1,"minecraft:blaze_rod":2,"minecraft:obsidian":14,"minecraft:cod":10,"minecraft:cobblestone":886,"minecraft:birch_log":130,"minecraft:feather":3,"minecraft:cooked_beef":28,"minecraft:andesite":46,"minecraft:magma_cream":1,"minecraft:water_bucket":2,"minecraft:jungle_log":32,"minecraft:potato":52,"minecraft:flint":9,"minecraft:tuff":5,"minecraft:dirt":186,"minecraft:twisting_vines":8,"minecraft:bone":42,"minecraft:bow":3,"minecraft:wheat_seeds":32,"minecraft:raw_gold":8,"minecraft:grindstone":6,"minecraft:fletching_table":3,"minecraft:powered_rail":6,"minecraft:oak_planks":8,"minecraft:cooked_porkchop":26,"minecraft:jungle_planks":76,"minecraft:grass_block":1,"minecraft:spectral_arrow":7,"minecraft:diamond":6,"minecraft:granite":16,"minecraft:golden_apple":13,"minecraft:emerald":50,"minecraft:oak_sapling":118,"minecraft:netherrack":254,"minecraft:crimson_roots":5,"minecraft:oak_leaves":6,"minecraft:diamond_pickaxe":2,"minecraft:fishing_rod":2,"minecraft:crafting_table":8,"minecraft:azure_bluet":1,"minecraft:nether_wart":20,"minecraft:shield":2,"minecraft:red_bed":1,"minecraft:iron_axe":3,"minecraft:flint_and_steel":3,"minecraft:blackstone":30,"minecraft:beef":2,"minecraft:oak_boat":21,"minecraft:light_gray_wool":5,"minecraft:minecart":3,"minecraft:sugar_cane":121,"minecraft:chest":1,"minecraft:birch_sapling":22,"minecraft:egg":2,"minecraft:raw_iron":27,"minecraft:oak_door":2,"minecraft:fire_charge":1,"minecraft:carrot":35,"minecraft:arrow":20,"minecraft:stone_shovel":1,"minecraft:beetroot_seeds":1,"minecraft:nether_bricks":12,"minecraft:shears":2,"minecraft:diamond_boots":1,"minecraft:gold_ingot":129,"minecraft:bone_block":19,"minecraft:white_wool":10,"minecraft:rail":13,"minecraft:tripwire_hook":1,"minecraft:glow_ink_sac":16,"minecraft:salmon":5,"minecraft:leather":8,"minecraft:oak_log":574,"minecraft:lily_pad":2,"minecraft:yellow_bed":3,"minecraft:gunpowder":5,"minecraft:white_banner":1,"minecraft:cooked_mutton":7,"minecraft:apple":8,"minecraft:kelp":5,"minecraft:warped_stem":4,"minecraft:iron_ingot":19,"minecraft:cooked_chicken":2,"minecraft:iron_sword":5,"minecraft:soul_sand":38,"minecraft:warped_fungus":1,"minecraft:quartz":25,"minecraft:dandelion":4,"minecraft:lava_bucket":1,"minecraft:gravel":66,"minecraft:blast_furnace":1,"minecraft:white_bed":2,"minecraft:spider_eye":2,"minecraft:slime_ball":16,"minecraft:chainmail_leggings":1,"minecraft:warped_roots":2,"minecraft:warped_nylium":1,"minecraft:coal":3,"minecraft:ender_pearl":3},"minecraft:crafted":{"minecraft:grindstone":1,"minecraft:oak_planks":2288,"minecraft:chainmail_helmet":12,"minecraft:oak_sign":9,"minecraft:blaze_powder":2,"minecraft:bookshelf":4,"minecraft:warped_planks":16,"minecraft:diamond_helmet":2,"minecraft:diamond_leggings":2,"minecraft:bow":1,"minecraft:chest":4,"minecraft:ender_eye":1,"minecraft:golden_boots":3,"minecraft:oak_slab":6,"minecraft:emerald":187,"minecraft:crafting_table":3,"minecraft:iron_helmet":10,"minecraft:birch_planks":512,"minecraft:light_gray_bed":1,"minecraft:lectern":1,"minecraft:book":17,"minecraft:paper":63,"minecraft:diamond_pickaxe":2,"minecraft:shield":1,"minecraft:stick":6220,"minecraft:stone_slab":6,"minecraft:gold_ingot":2,"minecraft:golden_carrot":18,"minecraft:stone_shovel":1,"minecraft:fishing_rod":1,"minecraft:blast_furnace":1,"minecraft:oak_trapdoor":4,"minecraft:flint_and_steel":1,"minecraft:iron_axe":13,"minecraft:stone_pickaxe":1,"minecraft:diamond_boots":2,"minecraft:chainmail_leggings":13,"minecraft:diamond_sword":1,"minecraft:enchanting_table":1,"minecraft:iron_sword":2,"minecraft:jungle_planks":128,"minecraft:oak_boat":4,"minecraft:golden_apple":2,"minecraft:gold_nugget":225,"minecraft:white_bed":2,"minecraft:acacia_planks":256,"minecraft:torch":8,"minecraft:diamond_chestplate":2},"minecraft:dropped":{"minecraft:iron_sword":2,"minecraft:soul_sand":36,"minecraft:diamond":5,"minecraft:warped_roots":2,"minecraft:fletching_table":2,"minecraft:flint":1,"minecraft:dirt":93,"minecraft:crimson_roots":2,"minecraft:gold_nugget":1,"minecraft:white_wool":4,"minecraft:gold_ingot":46,"minecraft:gravel":18,"minecraft:blackstone":23,"minecraft:sugar_cane":1,"minecraft:nether_brick":10,"minecraft:rotten_flesh":7,"minecraft:cooked_mutton":1,"minecraft:warped_planks":16,"minecraft:gunpowder":2,"minecraft:arrow":2,"minecraft:beef":2,"minecraft:oak_leaves":4,"minecraft:oak_slab":2,"minecraft:wheat_seeds":32,"minecraft:diamond_leggings":1,"minecraft:iron_helmet":1,"minecraft:cobblestone":5,"minecraft:granite":8,"minecraft:golden_apple":9,"minecraft:stick":2,"minecraft:diamond_helmet":1,"minecraft:oak_stairs":4,"minecraft:chainmail_leggings":2,"minecraft:lily_pad":1,"minecraft:dandelion":1,"minecraft:kelp":5,"minecraft:soul_soil":7,"minecraft:stone_sword":1,"minecraft:raw_copper":8,"minecraft:light_gray_wool":1,"minecraft:diamond_chestplate":1,"minecraft:yellow_bed":1,"minecraft:oak_sapling":10,"minecraft:spider_eye":1,"minecraft:diamond_boots":1},"minecraft:killed":{"minecraft:spider":1,"minecraft:skeleton":25,"minecraft:magma_cube":9,"minecraft:piglin":11,"minecraft:pig":4,"minecraft:creeper":4,"minecraft:sheep":5,"minecraft:pillager":3,"minecraft:zombie":10,"minecraft:ghast":1,"minecraft:blaze":5,"minecraft:cow":8,"minecraft:slime":16,"minecraft:wither_skeleton":6,"minecraft:villager":1,"minecraft:enderman":10},"minecraft:used":{"minecraft:oak_sign":1,"minecraft:chest":5,"minecraft:shield":71,"minecraft:iron_sword":128,"minecraft:iron_chestplate":2,"minecraft:nether_bricks":8,"minecraft:tuff":2,"minecraft:azure_bluet":1,"minecraft:milk_bucket":1,"minecraft:obsidian":10,"minecraft:lava_bucket":8,"minecraft:birch_sapling":17,"minecraft:warped_nylium":1,"minecraft:iron_helmet":1,"minecraft:crimson_roots":2,"minecraft:bow":10,"minecraft:oak_sapling":106,"minecraft:golden_boots":1,"minecraft:powered_rail":7,"minecraft:stone_pickaxe":72,"minecraft:blackstone":7,"minecraft:ender_pearl":1,"minecraft:sugar_cane":64,"minecraft:oak_leaves":2,"minecraft:golden_apple":6,"minecraft:blast_furnace":2,"minecraft:shears":6,"minecraft:gravel":20,"minecraft:diamond_sword":57,"minecraft:fire_charge":1,"minecraft:grindstone":7,"minecraft:andesite":16,"minecraft:birch_log":2,"minecraft:oak_boat":19,"minecraft:oak_trapdoor":2,"minecraft:enchanting_table":1,"minecraft:flint_and_steel":50,"minecraft:stone_shovel":105,"minecraft:cooked_chicken":2,"minecraft:netherrack":209,"minecraft:oak_door":1,"minecraft:torch":30,"minecraft:dirt":44,"minecraft:diamond_helmet":2,"minecraft:granite":8,"minecraft:bookshelf":3,"minecraft:iron_axe":930,"minecraft:iron_boots":1,"minecraft:light_gray_wool":1,"minecraft:golden_carrot":18,"minecraft:cooked_beef":19,"minecraft:cobbled_deepslate":154,"minecraft:light_gray_bed":1,"minecraft:iron_leggings":1,"minecraft:cooked_mutton":6,"minecraft:water_bucket":59,"minecraft:cauldron":1,"minecraft:fletching_table":1,"minecraft:rail":18,"minecraft:crafting_table":7,"minecraft:red_bed":2,"minecraft:white_bed":3,"minecraft:oak_log":2,"minecraft:ender_eye":5,"minecraft:diamond_pickaxe":1320,"minecraft:stone_axe":3,"minecraft:fishing_rod":29,"minecraft:cobblestone":639,"minecraft:potion":1,"minecraft:white_banner":1,"minecraft:cooked_porkchop":24,"minecraft:bucket":69,"minecraft:yellow_bed":2,"minecraft:dandelion":3},"minecraft:mined":{"minecraft:white_bed":2,"minecraft:oak_sapling":6,"minecraft:obsidian":14,"minecraft:granite":24,"minecraft:grass_block":38,"minecraft:nether_wart":20,"minecraft:cobbled_deepslate":3,"minecraft:iron_ore":20,"minecraft:fire":73,"minecraft:fletching_table":2,"minecraft:azure_bluet":1,"minecraft:twisting_vines":11,"minecraft:dirt_path":7,"minecraft:red_bed":1,"minecraft:twisting_vines_plant":3,"minecraft:crimson_nylium":2,"minecraft:soul_fire":4,"minecraft:torch":5,"minecraft:blast_furnace":1,"minecraft:chest":1,"minecraft:cobblestone":190,"minecraft:nether_quartz_ore":18,"minecraft:grindstone":6,"minecraft:sugar_cane":72,"minecraft:wall_torch":14,"minecraft:powered_rail":6,"minecraft:birch_log":130,"minecraft:wheat":17,"minecraft:light_gray_wool":1,"minecraft:oak_log":511,"minecraft:beetroots":13,"minecraft:dirt":54,"minecraft:netherrack":276,"minecraft:oak_leaves":109,"minecraft:deepslate":165,"minecraft:nether_gold_ore":53,"minecraft:tuff":9,"minecraft:deepslate_diamond_ore":1,"minecraft:oak_door":2,"minecraft:nether_bricks":15,"minecraft:crimson_roots":2,"minecraft:carrots":24,"minecraft:nether_sprouts":1,"minecraft:andesite":46,"minecraft:nether_brick_fence":2,"minecraft:potatoes":49,"minecraft:deepslate_iron_ore":8,"minecraft:rail":13,"minecraft:warped_stem":4,"minecraft:stone":479,"minecraft:bone_block":19,"minecraft:soul_sand":5,"minecraft:dandelion":5,"minecraft:crafting_table":6,"minecraft:short_grass":82,"minecraft:warped_roots":3,"minecraft:tall_grass":5,"minecraft:copper_ore":2,"minecraft:deepslate_gold_ore":8,"minecraft:birch_leaves":14,"minecraft:yellow_bed":2,"minecraft:gravel":60}},"DataVersion":3839}