{"stats":{"minecraft:used":{"minecraft:cobblestone":2},"minecraft:mined":{"minecraft:short_grass":1},"minecraft:custom":{"minecraft:jump":36,"minecraft:time_since_rest":5218,"minecraft:sprint_one_cm":3497,"minecraft:leave_game":2,"minecraft:play_time":5218,"minecraft:walk_on_water_one_cm":678,"minecraft:time_since_death":5218,"minecraft:walk_one_cm":1324,"minecraft:total_world_time":5218,"minecraft:walk_under_water_one_cm":70,"minecraft:swim_one_cm":4358,"minecraft:fall_one_cm":209,"minecraft:fly_one_cm":6542}},"DataVersion":3839}