{"stats":{"minecraft:broken":{"minecraft:iron_axe":3},"minecraft:custom":{"minecraft:interact_with_furnace":2,"minecraft:mob_kills":24,"minecraft:traded_with_villager":237,"minecraft:interact_with_crafting_table":25,"minecraft:fill_cauldron":1,"minecraft:bell_ring":2,"minecraft:leave_game":4,"minecraft:time_since_death":142690,"minecraft:sleep_in_bed":9,"minecraft:time_since_rest":14313,"minecraft:sprint_one_cm":395381,"minecraft:damage_absorbed":40,"minecraft:damage_taken":102,"minecraft:walk_one_cm":248281,"minecraft:drop":20,"minecraft:damage_dealt":1979,"minecraft:swim_one_cm":32986,"minecraft:talked_to_villager":66,"minecraft:fly_one_cm":745522,"minecraft:open_chest":99,"minecraft:crouch_one_cm":3163,"minecraft:play_time":142690,"minecraft:sneak_time":1358,"minecraft:walk_under_water_one_cm":5699,"minecraft:jump":2924,"minecraft:interact_with_blast_furnace":1,"minecraft:walk_on_water_one_cm":10662,"minecraft:total_world_time":142690,"minecraft:fall_one_cm":67800,"minecraft:inspect_dispenser":2},"minecraft:picked_up":{"minecraft:birch_log":130,"minecraft:wheat":1,"minecraft:glow_ink_sac":16,"minecraft:jungle_log":32,"minecraft:leather":2,"minecraft:potato":52,"minecraft:oak_log":536,"minecraft:yellow_bed":2,"minecraft:gunpowder":2,"minecraft:dirt":27,"minecraft:red_bed":1,"minecraft:white_banner":1,"minecraft:sticky_piston":3,"minecraft:apple":8,"minecraft:wheat_seeds":24,"minecraft:grindstone":6,"minecraft:beef":2,"minecraft:iron_ingot":19,"minecraft:light_gray_wool":3,"minecraft:minecart":3,"minecraft:powered_rail":6,"minecraft:sugar_cane":30,"minecraft:chest":1,"minecraft:birch_sapling":22,"minecraft:oak_planks":8,"minecraft:egg":2,"minecraft:stick":67,"minecraft:oak_door":2,"minecraft:acacia_log":64,"minecraft:dandelion":1,"minecraft:jungle_planks":76,"minecraft:blast_furnace":1,"minecraft:white_bed":1,"minecraft:carrot":35,"minecraft:slime_ball":16,"minecraft:beetroot_seeds":1,"minecraft:golden_apple":7,"minecraft:emerald":50,"minecraft:oak_sapling":106,"minecraft:oak_leaves":6,"minecraft:obsidian":4,"minecraft:white_wool":6,"minecraft:rail":13,"minecraft:cobblestone":73},"minecraft:crafted":{"minecraft:grindstone":1,"minecraft:oak_slab":6,"minecraft:oak_planks":2136,"minecraft:chainmail_helmet":12,"minecraft:emerald":184,"minecraft:enchanting_table":1,"minecraft:iron_helmet":10,"minecraft:iron_sword":1,"minecraft:blast_furnace":1,"minecraft:birch_planks":512,"minecraft:bookshelf":1,"minecraft:jungle_planks":128,"minecraft:oak_trapdoor":4,"minecraft:light_gray_bed":1,"minecraft:lectern":1,"minecraft:diamond_helmet":2,"minecraft:diamond_leggings":2,"minecraft:diamond_pickaxe":1,"minecraft:book":4,"minecraft:paper":12,"minecraft:iron_axe":13,"minecraft:stick":6108,"minecraft:stone_slab":6,"minecraft:chest":2,"minecraft:diamond_boots":2,"minecraft:white_bed":2,"minecraft:acacia_planks":256,"minecraft:chainmail_leggings":13,"minecraft:diamond_chestplate":2},"minecraft:dropped":{"minecraft:iron_sword":1,"minecraft:oak_slab":2,"minecraft:wheat_seeds":24,"minecraft:iron_helmet":1,"minecraft:golden_apple":8,"minecraft:dirt":25,"minecraft:yellow_bed":1,"minecraft:beef":2,"minecraft:chainmail_leggings":1,"minecraft:oak_leaves":4,"minecraft:dandelion":1},"minecraft:killed":{"minecraft:slime":16,"minecraft:creeper":1,"minecraft:skeleton":1,"minecraft:pillager":3,"minecraft:zombie":1,"minecraft:villager":1,"minecraft:cow":1},"minecraft:used":{"minecraft:oak_trapdoor":2,"minecraft:water_bucket":27,"minecraft:flint_and_steel":2,"minecraft:stone_pickaxe":67,"minecraft:stone_shovel":29,"minecraft:powered_rail":7,"minecraft:chest":3,"minecraft:cauldron":1,"minecraft:sugar_cane":26,"minecraft:oak_leaves":2,"minecraft:oak_door":1,"minecraft:golden_apple":1,"minecraft:dirt":2,"minecraft:rail":18,"minecraft:red_bed":2,"minecraft:blast_furnace":2,"minecraft:white_bed":2,"minecraft:shears":6,"minecraft:milk_bucket":1,"minecraft:oak_log":2,"minecraft:diamond_pickaxe":39,"minecraft:lava_bucket":5,"minecraft:iron_axe":747,"minecraft:birch_sapling":17,"minecraft:stone_axe":3,"minecraft:cobblestone":70,"minecraft:grindstone":7,"minecraft:white_banner":1,"minecraft:oak_sapling":106,"minecraft:birch_log":2,"minecraft:bucket":31,"minecraft:yellow_bed":1,"minecraft:cooked_beef":4,"minecraft:light_gray_bed":1},"minecraft:mined":{"minecraft:white_bed":1,"minecraft:oak_sapling":6,"minecraft:red_bed":1,"minecraft:oak_door":2,"minecraft:dandelion":1,"minecraft:obsidian":4,"minecraft:short_grass":22,"minecraft:blast_furnace":1,"minecraft:grass_block":26,"minecraft:chest":1,"minecraft:cobblestone":54,"minecraft:grindstone":6,"minecraft:sugar_cane":22,"minecraft:powered_rail":6,"minecraft:carrots":24,"minecraft:birch_log":130,"minecraft:fire":2,"minecraft:wheat":17,"minecraft:birch_leaves":14,"minecraft:yellow_bed":1,"minecraft:potatoes":49,"minecraft:oak_log":473,"minecraft:beetroots":13,"minecraft:rail":13,"minecraft:dirt":1,"minecraft:stone":18,"minecraft:oak_leaves":100}},"DataVersion":3839}