{"stats":{"minecraft:killed":{"minecraft:villager":1},"minecraft:broken":{"minecraft:iron_axe":1},"minecraft:crafted":{"minecraft:grindstone":1,"minecraft:oak_planks":1044,"minecraft:chainmail_helmet":12,"minecraft:emerald":110,"minecraft:enchanting_table":1,"minecraft:iron_helmet":10,"minecraft:blast_furnace":1,"minecraft:birch_planks":340,"minecraft:jungle_planks":128,"minecraft:oak_trapdoor":2,"minecraft:light_gray_bed":1,"minecraft:book":1,"minecraft:diamond_helmet":1,"minecraft:paper":3,"minecraft:diamond_leggings":2,"minecraft:diamond_pickaxe":1,"minecraft:iron_axe":2,"minecraft:stick":3656,"minecraft:stone_slab":6,"minecraft:chest":2,"minecraft:diamond_boots":2,"minecraft:acacia_planks":256,"minecraft:chainmail_leggings":13,"minecraft:diamond_chestplate":1},"minecraft:dropped":{"minecraft:wheat_seeds":21,"minecraft:dirt":1,"minecraft:yellow_bed":1},"minecraft:used":{"minecraft:oak_trapdoor":1,"minecraft:water_bucket":27,"minecraft:flint_and_steel":1,"minecraft:stone_shovel":29,"minecraft:stone_pickaxe":67,"minecraft:powered_rail":3,"minecraft:chest":3,"minecraft:cauldron":1,"minecraft:sugar_cane":9,"minecraft:oak_door":1,"minecraft:dirt":2,"minecraft:rail":5,"minecraft:red_bed":2,"minecraft:blast_furnace":2,"minecraft:oak_log":2,"minecraft:diamond_pickaxe":4,"minecraft:lava_bucket":5,"minecraft:iron_axe":387,"minecraft:birch_sapling":10,"minecraft:stone_axe":3,"minecraft:cobblestone":64,"minecraft:oak_sapling":44,"minecraft:birch_log":2,"minecraft:bucket":31,"minecraft:yellow_bed":1,"minecraft:light_gray_bed":1},"minecraft:mined":{"minecraft:oak_sapling":2,"minecraft:red_bed":1,"minecraft:oak_door":2,"minecraft:dandelion":1,"minecraft:obsidian":4,"minecraft:short_grass":15,"minecraft:blast_furnace":1,"minecraft:grass_block":26,"minecraft:chest":1,"minecraft:cobblestone":50,"minecraft:sugar_cane":1,"minecraft:powered_rail":3,"minecraft:carrots":24,"minecraft:birch_log":87,"minecraft:wheat":17,"minecraft:fire":1,"minecraft:birch_leaves":12,"minecraft:yellow_bed":1,"minecraft:potatoes":49,"minecraft:oak_log":199,"minecraft:beetroots":13,"minecraft:rail":2,"minecraft:dirt":1,"minecraft:stone":8,"minecraft:oak_leaves":42},"minecraft:custom":{"minecraft:interact_with_furnace":1,"minecraft:mob_kills":1,"minecraft:traded_with_villager":151,"minecraft:interact_with_crafting_table":13,"minecraft:fill_cauldron":1,"minecraft:leave_game":3,"minecraft:time_since_death":80378,"minecraft:sleep_in_bed":5,"minecraft:time_since_rest":3819,"minecraft:sprint_one_cm":201603,"minecraft:damage_taken":44,"minecraft:walk_one_cm":134464,"minecraft:drop":3,"minecraft:damage_dealt":198,"minecraft:swim_one_cm":29195,"minecraft:talked_to_villager":42,"minecraft:fly_one_cm":432076,"minecraft:open_chest":40,"minecraft:crouch_one_cm":1907,"minecraft:play_time":80378,"minecraft:sneak_time":686,"minecraft:walk_under_water_one_cm":4622,"minecraft:jump":1662,"minecraft:interact_with_blast_furnace":1,"minecraft:walk_on_water_one_cm":1911,"minecraft:total_world_time":80378,"minecraft:fall_one_cm":41612,"minecraft:inspect_dispenser":1},"minecraft:picked_up":{"minecraft:birch_log":87,"minecraft:wheat":1,"minecraft:jungle_log":32,"minecraft:potato":52,"minecraft:oak_log":263,"minecraft:yellow_bed":2,"minecraft:dirt":27,"minecraft:red_bed":1,"minecraft:sticky_piston":3,"minecraft:apple":5,"minecraft:wheat_seeds":23,"minecraft:iron_ingot":19,"minecraft:light_gray_wool":3,"minecraft:minecart":2,"minecraft:powered_rail":3,"minecraft:sugar_cane":1,"minecraft:chest":1,"minecraft:birch_sapling":10,"minecraft:oak_planks":8,"minecraft:egg":1,"minecraft:stick":25,"minecraft:oak_door":2,"minecraft:dandelion":1,"minecraft:acacia_log":64,"minecraft:jungle_planks":76,"minecraft:blast_furnace":1,"minecraft:carrot":35,"minecraft:beetroot_seeds":1,"minecraft:emerald":50,"minecraft:oak_sapling":44,"minecraft:obsidian":4,"minecraft:rail":2,"minecraft:white_wool":3,"minecraft:cobblestone":59}},"DataVersion":3839}