{"stats":{"minecraft:dropped":{"minecraft:iron_sword":2,"minecraft:oak_slab":2,"minecraft:soul_sand":29,"minecraft:wheat_seeds":27,"minecraft:cobblestone":5,"minecraft:iron_helmet":1,"minecraft:golden_apple":8,"minecraft:dirt":25,"minecraft:gold_nugget":1,"minecraft:chainmail_leggings":2,"minecraft:lily_pad":1,"minecraft:dandelion":1,"minecraft:yellow_bed":1,"minecraft:beef":2,"minecraft:oak_leaves":4},"minecraft:custom":{"minecraft:inspect_dropper":1,"minecraft:mob_kills":63,"minecraft:interact_with_crafting_table":31,"minecraft:fill_cauldron":1,"minecraft:bell_ring":2,"minecraft:leave_game":7,"minecraft:time_since_death":22034,"minecraft:sprint_one_cm":525859,"minecraft:walk_one_cm":346252,"minecraft:damage_blocked_by_shield":1255,"minecraft:drop":30,"minecraft:talked_to_villager":70,"minecraft:play_time":234132,"minecraft:deaths":2,"minecraft:sneak_time":4584,"minecraft:walk_under_water_one_cm":5952,"minecraft:jump":4344,"minecraft:interact_with_blast_furnace":1,"minecraft:walk_on_water_one_cm":15005,"minecraft:total_world_time":234132,"minecraft:interact_with_furnace":3,"minecraft:traded_with_villager":241,"minecraft:sleep_in_bed":9,"minecraft:time_since_rest":22054,"minecraft:damage_taken":1994,"minecraft:damage_absorbed":119,"minecraft:damage_dealt":7885,"minecraft:swim_one_cm":32986,"minecraft:fly_one_cm":1009284,"minecraft:open_chest":138,"minecraft:crouch_one_cm":13149,"minecraft:fish_caught":18,"minecraft:fall_one_cm":106679,"minecraft:inspect_dispenser":3},"minecraft:killed":{"minecraft:slime":16,"minecraft:skeleton":17,"minecraft:piglin":8,"minecraft:pig":1,"minecraft:creeper":1,"minecraft:pillager":3,"minecraft:zombie":1,"minecraft:ghast":1,"minecraft:villager":1,"minecraft:enderman":2,"minecraft:cow":5},"minecraft:killed_by":{"minecraft:ghast":1,"minecraft:piglin":1},"minecraft:broken":{"minecraft:iron_axe":3},"minecraft:crafted":{"minecraft:grindstone":1,"minecraft:oak_planks":2184,"minecraft:chainmail_helmet":12,"minecraft:fishing_rod":1,"minecraft:blast_furnace":1,"minecraft:bookshelf":1,"minecraft:oak_trapdoor":4,"minecraft:diamond_helmet":2,"minecraft:diamond_leggings":2,"minecraft:bow":1,"minecraft:iron_axe":13,"minecraft:chest":3,"minecraft:diamond_boots":2,"minecraft:chainmail_leggings":13,"minecraft:oak_slab":6,"minecraft:emerald":187,"minecraft:crafting_table":1,"minecraft:enchanting_table":1,"minecraft:iron_helmet":10,"minecraft:iron_sword":2,"minecraft:birch_planks":512,"minecraft:jungle_planks":128,"minecraft:light_gray_bed":1,"minecraft:oak_boat":1,"minecraft:lectern":1,"minecraft:book":4,"minecraft:paper":12,"minecraft:diamond_pickaxe":1,"minecraft:stick":6204,"minecraft:stone_slab":6,"minecraft:gold_ingot":2,"minecraft:white_bed":2,"minecraft:acacia_planks":256,"minecraft:diamond_chestplate":2},"minecraft:used":{"minecraft:oak_trapdoor":2,"minecraft:flint_and_steel":18,"minecraft:stone_shovel":29,"minecraft:chest":4,"minecraft:shield":40,"minecraft:iron_sword":106,"minecraft:oak_door":1,"minecraft:iron_chestplate":2,"minecraft:torch":1,"minecraft:dirt":3,"minecraft:milk_bucket":1,"minecraft:obsidian":10,"minecraft:lava_bucket":5,"minecraft:iron_axe":769,"minecraft:birch_sapling":17,"minecraft:iron_helmet":1,"minecraft:iron_boots":1,"minecraft:crimson_roots":1,"minecraft:bow":6,"minecraft:oak_sapling":106,"minecraft:cooked_beef":7,"minecraft:cobbled_deepslate":14,"minecraft:light_gray_bed":1,"minecraft:iron_leggings":1,"minecraft:water_bucket":35,"minecraft:powered_rail":7,"minecraft:stone_pickaxe":67,"minecraft:blackstone":7,"minecraft:ender_pearl":1,"minecraft:cauldron":1,"minecraft:sugar_cane":26,"minecraft:oak_leaves":2,"minecraft:golden_apple":3,"minecraft:rail":18,"minecraft:crafting_table":2,"minecraft:red_bed":2,"minecraft:blast_furnace":2,"minecraft:white_bed":2,"minecraft:shears":6,"minecraft:oak_log":2,"minecraft:diamond_pickaxe":91,"minecraft:stone_axe":3,"minecraft:fishing_rod":29,"minecraft:cobblestone":199,"minecraft:white_banner":1,"minecraft:grindstone":7,"minecraft:cooked_porkchop":13,"minecraft:bucket":40,"minecraft:birch_log":2,"minecraft:yellow_bed":1,"minecraft:oak_boat":5},"minecraft:mined":{"minecraft:nether_gold_ore":4,"minecraft:white_bed":1,"minecraft:oak_sapling":6,"minecraft:oak_door":2,"minecraft:obsidian":14,"minecraft:grass_block":28,"minecraft:crimson_roots":1,"minecraft:carrots":24,"minecraft:fire":15,"minecraft:potatoes":49,"minecraft:rail":13,"minecraft:stone":18,"minecraft:bone_block":19,"minecraft:red_bed":1,"minecraft:soul_sand":5,"minecraft:soul_fire":4,"minecraft:dandelion":2,"minecraft:crafting_table":2,"minecraft:short_grass":37,"minecraft:blast_furnace":1,"minecraft:chest":1,"minecraft:cobblestone":64,"minecraft:tall_grass":1,"minecraft:deepslate_gold_ore":8,"minecraft:grindstone":6,"minecraft:sugar_cane":22,"minecraft:wall_torch":1,"minecraft:powered_rail":6,"minecraft:birch_log":130,"minecraft:wheat":17,"minecraft:birch_leaves":14,"minecraft:yellow_bed":1,"minecraft:oak_log":485,"minecraft:beetroots":13,"minecraft:dirt":1,"minecraft:oak_leaves":101,"minecraft:deepslate":1},"minecraft:picked_up":{"minecraft:fishing_rod":2,"minecraft:crafting_table":4,"minecraft:iron_chestplate":2,"minecraft:wheat":1,"minecraft:nether_brick":6,"minecraft:golden_sword":1,"minecraft:shield":2,"minecraft:string":10,"minecraft:red_bed":1,"minecraft:soul_soil":20,"minecraft:iron_axe":2,"minecraft:flint_and_steel":3,"minecraft:iron_leggings":2,"minecraft:sticky_piston":3,"minecraft:pufferfish":2,"minecraft:blackstone":16,"minecraft:gold_nugget":19,"minecraft:cobbled_deepslate":169,"minecraft:beef":2,"minecraft:oak_boat":7,"minecraft:light_gray_wool":3,"minecraft:minecart":3,"minecraft:sugar_cane":30,"minecraft:chest":1,"minecraft:birch_sapling":22,"minecraft:iron_boots":2,"minecraft:egg":2,"minecraft:stick":67,"minecraft:oak_door":2,"minecraft:torch":1,"minecraft:acacia_log":64,"minecraft:carrot":35,"minecraft:arrow":16,"minecraft:tropical_fish":1,"minecraft:beetroot_seeds":1,"minecraft:shears":2,"minecraft:gold_ingot":94,"minecraft:obsidian":14,"minecraft:bone_block":19,"minecraft:cod":10,"minecraft:rail":13,"minecraft:white_wool":6,"minecraft:cobblestone":263,"minecraft:birch_log":130,"minecraft:cooked_beef":23,"minecraft:tripwire_hook":1,"minecraft:glow_ink_sac":16,"minecraft:jungle_log":32,"minecraft:water_bucket":2,"minecraft:salmon":5,"minecraft:leather":6,"minecraft:potato":52,"minecraft:oak_log":548,"minecraft:lily_pad":1,"minecraft:yellow_bed":2,"minecraft:gunpowder":3,"minecraft:dirt":34,"minecraft:white_banner":1,"minecraft:bone":25,"minecraft:apple":8,"minecraft:bow":3,"minecraft:wheat_seeds":27,"minecraft:raw_gold":8,"minecraft:grindstone":6,"minecraft:iron_ingot":19,"minecraft:powered_rail":6,"minecraft:oak_planks":8,"minecraft:iron_sword":5,"minecraft:soul_sand":33,"minecraft:cooked_porkchop":17,"minecraft:dandelion":1,"minecraft:jungle_planks":76,"minecraft:blast_furnace":1,"minecraft:white_bed":1,"minecraft:slime_ball":16,"minecraft:chainmail_leggings":1,"minecraft:golden_apple":11,"minecraft:emerald":50,"minecraft:oak_sapling":106,"minecraft:crimson_roots":1,"minecraft:oak_leaves":6,"minecraft:ender_pearl":1,"minecraft:diamond_pickaxe":2}},"DataVersion":3839}