{"stats":{"minecraft:dropped":{"minecraft:iron_sword":2,"minecraft:oak_slab":2,"minecraft:soul_sand":36,"minecraft:wheat_seeds":27,"minecraft:diamond_leggings":1,"minecraft:cobblestone":5,"minecraft:iron_helmet":1,"minecraft:golden_apple":9,"minecraft:dirt":93,"minecraft:diamond_helmet":1,"minecraft:oak_stairs":4,"minecraft:gold_nugget":1,"minecraft:chainmail_leggings":2,"minecraft:gold_ingot":46,"minecraft:lily_pad":1,"minecraft:dandelion":1,"minecraft:blackstone":23,"minecraft:soul_soil":7,"minecraft:nether_brick":10,"minecraft:rotten_flesh":2,"minecraft:cooked_mutton":1,"minecraft:gunpowder":1,"minecraft:diamond_chestplate":1,"minecraft:yellow_bed":1,"minecraft:diamond_boots":1,"minecraft:beef":2,"minecraft:oak_leaves":4},"minecraft:used":{"minecraft:oak_trapdoor":2,"minecraft:flint_and_steel":45,"minecraft:stone_shovel":29,"minecraft:oak_sign":1,"minecraft:chest":5,"minecraft:shield":49,"minecraft:iron_sword":128,"minecraft:netherrack":112,"minecraft:cooked_chicken":2,"minecraft:oak_door":1,"minecraft:iron_chestplate":2,"minecraft:torch":21,"minecraft:dirt":16,"minecraft:diamond_helmet":2,"minecraft:obsidian":10,"minecraft:milk_bucket":1,"minecraft:lava_bucket":5,"minecraft:iron_axe":869,"minecraft:birch_sapling":17,"minecraft:iron_helmet":1,"minecraft:iron_boots":1,"minecraft:crimson_roots":1,"minecraft:bow":10,"minecraft:oak_sapling":106,"minecraft:cooked_beef":14,"minecraft:cobbled_deepslate":54,"minecraft:iron_leggings":1,"minecraft:light_gray_bed":1,"minecraft:golden_boots":1,"minecraft:cooked_mutton":5,"minecraft:water_bucket":51,"minecraft:stone_pickaxe":72,"minecraft:powered_rail":7,"minecraft:blackstone":7,"minecraft:ender_pearl":1,"minecraft:cauldron":1,"minecraft:sugar_cane":64,"minecraft:oak_leaves":2,"minecraft:golden_apple":3,"minecraft:rail":18,"minecraft:crafting_table":5,"minecraft:red_bed":2,"minecraft:blast_furnace":2,"minecraft:white_bed":2,"minecraft:shears":6,"minecraft:oak_log":2,"minecraft:diamond_pickaxe":530,"minecraft:gravel":13,"minecraft:stone_axe":3,"minecraft:fishing_rod":29,"minecraft:fire_charge":1,"minecraft:cobblestone":341,"minecraft:potion":1,"minecraft:grindstone":7,"minecraft:white_banner":1,"minecraft:cooked_porkchop":21,"minecraft:bucket":58,"minecraft:birch_log":2,"minecraft:yellow_bed":1,"minecraft:oak_boat":6},"minecraft:mined":{"minecraft:nether_gold_ore":53,"minecraft:tuff":5,"minecraft:white_bed":1,"minecraft:oak_sapling":6,"minecraft:oak_door":2,"minecraft:obsidian":14,"minecraft:nether_bricks":7,"minecraft:granite":1,"minecraft:grass_block":28,"minecraft:crimson_roots":1,"minecraft:nether_wart":20,"minecraft:carrots":24,"minecraft:fire":46,"minecraft:twisting_vines":11,"minecraft:nether_brick_fence":2,"minecraft:potatoes":49,"minecraft:rail":13,"minecraft:stone":19,"minecraft:bone_block":19,"minecraft:red_bed":1,"minecraft:soul_sand":5,"minecraft:twisting_vines_plant":3,"minecraft:soul_fire":4,"minecraft:dandelion":2,"minecraft:crafting_table":5,"minecraft:torch":5,"minecraft:short_grass":70,"minecraft:blast_furnace":1,"minecraft:warped_roots":1,"minecraft:chest":1,"minecraft:nether_quartz_ore":12,"minecraft:tall_grass":5,"minecraft:cobblestone":147,"minecraft:deepslate_gold_ore":8,"minecraft:grindstone":6,"minecraft:sugar_cane":72,"minecraft:wall_torch":14,"minecraft:powered_rail":6,"minecraft:birch_log":130,"minecraft:wheat":17,"minecraft:birch_leaves":14,"minecraft:yellow_bed":1,"minecraft:oak_log":502,"minecraft:beetroots":13,"minecraft:gravel":27,"minecraft:dirt":4,"minecraft:netherrack":178,"minecraft:oak_leaves":101,"minecraft:deepslate":101},"minecraft:crafted":{"minecraft:grindstone":1,"minecraft:oak_planks":2252,"minecraft:chainmail_helmet":12,"minecraft:oak_sign":9,"minecraft:fishing_rod":1,"minecraft:blast_furnace":1,"minecraft:bookshelf":1,"minecraft:flint_and_steel":1,"minecraft:oak_trapdoor":4,"minecraft:diamond_helmet":2,"minecraft:bow":1,"minecraft:diamond_leggings":2,"minecraft:iron_axe":13,"minecraft:stone_pickaxe":1,"minecraft:chest":4,"minecraft:diamond_boots":2,"minecraft:chainmail_leggings":13,"minecraft:golden_boots":2,"minecraft:oak_slab":6,"minecraft:emerald":187,"minecraft:crafting_table":2,"minecraft:enchanting_table":1,"minecraft:iron_helmet":10,"minecraft:iron_sword":2,"minecraft:birch_planks":512,"minecraft:jungle_planks":128,"minecraft:light_gray_bed":1,"minecraft:oak_boat":1,"minecraft:lectern":1,"minecraft:book":4,"minecraft:paper":12,"minecraft:diamond_pickaxe":2,"minecraft:shield":1,"minecraft:stick":6216,"minecraft:stone_slab":6,"minecraft:gold_ingot":2,"minecraft:white_bed":2,"minecraft:acacia_planks":256,"minecraft:diamond_chestplate":2},"minecraft:picked_up":{"minecraft:fishing_rod":2,"minecraft:iron_chestplate":2,"minecraft:crafting_table":7,"minecraft:wheat":1,"minecraft:nether_brick_fence":2,"minecraft:nether_wart":20,"minecraft:oak_stairs":4,"minecraft:potion":1,"minecraft:nether_brick":15,"minecraft:golden_sword":1,"minecraft:shield":2,"minecraft:string":10,"minecraft:red_bed":1,"minecraft:soul_soil":20,"minecraft:iron_axe":2,"minecraft:flint_and_steel":3,"minecraft:iron_leggings":2,"minecraft:sticky_piston":3,"minecraft:pufferfish":2,"minecraft:blackstone":30,"minecraft:diamond_leggings":1,"minecraft:gold_nugget":213,"minecraft:cobbled_deepslate":269,"minecraft:bucket":1,"minecraft:beef":2,"minecraft:oak_boat":8,"minecraft:light_gray_wool":4,"minecraft:minecart":3,"minecraft:sugar_cane":120,"minecraft:chest":1,"minecraft:birch_sapling":22,"minecraft:iron_boots":2,"minecraft:egg":2,"minecraft:stick":67,"minecraft:oak_door":2,"minecraft:torch":22,"minecraft:acacia_log":64,"minecraft:fire_charge":1,"minecraft:carrot":35,"minecraft:arrow":19,"minecraft:rotten_flesh":7,"minecraft:tropical_fish":1,"minecraft:beetroot_seeds":1,"minecraft:nether_bricks":4,"minecraft:shears":2,"minecraft:diamond_boots":1,"minecraft:gold_ingot":129,"minecraft:blaze_rod":1,"minecraft:obsidian":14,"minecraft:white_wool":10,"minecraft:cod":10,"minecraft:rail":13,"minecraft:bone_block":19,"minecraft:cobblestone":460,"minecraft:birch_log":130,"minecraft:feather":3,"minecraft:cooked_beef":28,"minecraft:jungle_log":32,"minecraft:glow_ink_sac":16,"minecraft:tripwire_hook":1,"minecraft:water_bucket":2,"minecraft:salmon":5,"minecraft:leather":8,"minecraft:potato":52,"minecraft:flint":2,"minecraft:tuff":5,"minecraft:oak_log":565,"minecraft:lily_pad":1,"minecraft:yellow_bed":2,"minecraft:gunpowder":5,"minecraft:dirt":125,"minecraft:white_banner":1,"minecraft:twisting_vines":8,"minecraft:cooked_mutton":7,"minecraft:bone":32,"minecraft:apple":8,"minecraft:bow":3,"minecraft:wheat_seeds":29,"minecraft:raw_gold":8,"minecraft:iron_ingot":19,"minecraft:grindstone":6,"minecraft:cooked_chicken":2,"minecraft:powered_rail":6,"minecraft:iron_sword":5,"minecraft:oak_planks":8,"minecraft:soul_sand":38,"minecraft:warped_fungus":1,"minecraft:cooked_porkchop":23,"minecraft:quartz":19,"minecraft:dandelion":1,"minecraft:lava_bucket":1,"minecraft:gravel":53,"minecraft:jungle_planks":76,"minecraft:blast_furnace":1,"minecraft:white_bed":1,"minecraft:spectral_arrow":7,"minecraft:slime_ball":16,"minecraft:chainmail_leggings":1,"minecraft:golden_apple":13,"minecraft:emerald":50,"minecraft:oak_sapling":106,"minecraft:netherrack":157,"minecraft:crimson_roots":1,"minecraft:coal":1,"minecraft:oak_leaves":6,"minecraft:diamond_pickaxe":2,"minecraft:ender_pearl":2},"minecraft:killed_by":{"minecraft:ghast":1,"minecraft:piglin":1},"minecraft:killed":{"minecraft:slime":16,"minecraft:skeleton":21,"minecraft:piglin":11,"minecraft:pig":3,"minecraft:creeper":4,"minecraft:sheep":5,"minecraft:pillager":3,"minecraft:zombie":10,"minecraft:ghast":1,"minecraft:wither_skeleton":1,"minecraft:villager":1,"minecraft:blaze":2,"minecraft:enderman":3,"minecraft:cow":8},"minecraft:broken":{"minecraft:iron_axe":3},"minecraft:custom":{"minecraft:inspect_dropper":1,"minecraft:mob_kills":102,"minecraft:interact_with_crafting_table":42,"minecraft:fill_cauldron":1,"minecraft:bell_ring":2,"minecraft:leave_game":43,"minecraft:time_since_death":97649,"minecraft:climb_one_cm":2768,"minecraft:sprint_one_cm":795258,"minecraft:walk_one_cm":589195,"minecraft:damage_blocked_by_shield":1635,"minecraft:drop":50,"minecraft:damage_dealt_absorbed":2,"minecraft:talked_to_villager":73,"minecraft:play_time":370245,"minecraft:deaths":4,"minecraft:sneak_time":10152,"minecraft:walk_under_water_one_cm":12292,"minecraft:boat_one_cm":644,"minecraft:jump":6812,"minecraft:interact_with_blast_furnace":1,"minecraft:walk_on_water_one_cm":20550,"minecraft:total_world_time":370245,"minecraft:interact_with_furnace":9,"minecraft:traded_with_villager":241,"minecraft:sleep_in_bed":12,"minecraft:time_since_rest":51608,"minecraft:damage_taken":3858,"minecraft:damage_absorbed":119,"minecraft:damage_dealt":13251,"minecraft:swim_one_cm":37595,"minecraft:fly_one_cm":1478411,"minecraft:open_chest":171,"minecraft:crouch_one_cm":35705,"minecraft:fish_caught":18,"minecraft:fall_one_cm":163602,"minecraft:inspect_dispenser":3}},"DataVersion":3839}