{"stats":{"minecraft:dropped":{"minecraft:iron_sword":2,"minecraft:soul_sand":36,"minecraft:diamond":6,"minecraft:warped_roots":4,"minecraft:fletching_table":2,"minecraft:flint":9,"minecraft:dirt":111,"minecraft:mutton":3,"minecraft:crimson_roots":3,"minecraft:gold_nugget":1,"minecraft:white_wool":4,"minecraft:gold_ingot":46,"minecraft:gravel":27,"minecraft:crimson_fungus":1,"minecraft:blackstone":23,"minecraft:sugar_cane":1,"minecraft:nether_brick":10,"minecraft:twisting_vines":1,"minecraft:rotten_flesh":7,"minecraft:cooked_mutton":1,"minecraft:warped_planks":16,"minecraft:gunpowder":2,"minecraft:basalt":9,"minecraft:arrow":6,"minecraft:beef":2,"minecraft:oak_leaves":4,"minecraft:netherrack":140,"minecraft:oak_slab":2,"minecraft:wheat_seeds":34,"minecraft:diamond_leggings":1,"minecraft:cobblestone":14,"minecraft:iron_helmet":2,"minecraft:granite":52,"minecraft:coal":1,"minecraft:golden_apple":9,"minecraft:stick":9,"minecraft:gray_wool":1,"minecraft:diamond_helmet":1,"minecraft:oak_stairs":4,"minecraft:iron_axe":1,"minecraft:chainmail_leggings":3,"minecraft:string":2,"minecraft:lily_pad":1,"minecraft:dandelion":1,"minecraft:kelp":5,"minecraft:warped_nylium":1,"minecraft:soul_soil":7,"minecraft:stone_sword":3,"minecraft:raw_copper":23,"minecraft:light_gray_wool":1,"minecraft:nether_bricks":6,"minecraft:diamond_chestplate":1,"minecraft:diamond_pickaxe":1,"minecraft:andesite":69,"minecraft:yellow_bed":1,"minecraft:oak_sapling":12,"minecraft:spider_eye":1,"minecraft:diamond_boots":1},"minecraft:used":{"minecraft:oak_sign":1,"minecraft:chest":5,"minecraft:shield":104,"minecraft:iron_sword":128,"minecraft:rotten_flesh":1,"minecraft:iron_chestplate":2,"minecraft:nether_bricks":8,"minecraft:tuff":5,"minecraft:azure_bluet":1,"minecraft:obsidian":10,"minecraft:milk_bucket":1,"minecraft:lava_bucket":27,"minecraft:birch_sapling":17,"minecraft:warped_nylium":1,"minecraft:iron_helmet":1,"minecraft:crimson_roots":3,"minecraft:bow":10,"minecraft:oak_sapling":106,"minecraft:furnace":7,"minecraft:golden_boots":2,"minecraft:diorite":22,"minecraft:stone_pickaxe":872,"minecraft:powered_rail":7,"minecraft:ender_pearl":1,"minecraft:blackstone":7,"minecraft:sugar_cane":64,"minecraft:oak_leaves":2,"minecraft:golden_apple":7,"minecraft:blast_furnace":2,"minecraft:shears":6,"minecraft:lever":3,"minecraft:gravel":26,"minecraft:diamond_sword":184,"minecraft:fire_charge":1,"minecraft:grindstone":7,"minecraft:andesite":16,"minecraft:birch_log":2,"minecraft:oak_boat":21,"minecraft:oak_trapdoor":4,"minecraft:enchanting_table":1,"minecraft:flint_and_steel":74,"minecraft:stone_shovel":119,"minecraft:cooked_chicken":2,"minecraft:netherrack":1050,"minecraft:oak_door":1,"minecraft:torch":44,"minecraft:anvil":1,"minecraft:dirt":68,"minecraft:diamond_helmet":2,"minecraft:granite":8,"minecraft:bookshelf":3,"minecraft:iron_axe":966,"minecraft:oak_stairs":14,"minecraft:iron_boots":1,"minecraft:light_gray_wool":1,"minecraft:basalt":5,"minecraft:golden_carrot":26,"minecraft:cooked_beef":20,"minecraft:cobbled_deepslate":209,"minecraft:light_gray_bed":1,"minecraft:iron_leggings":1,"minecraft:cooked_mutton":14,"minecraft:water_bucket":215,"minecraft:birch_planks":5,"minecraft:cauldron":1,"minecraft:fletching_table":1,"minecraft:rail":18,"minecraft:oak_slab":3,"minecraft:crafting_table":20,"minecraft:red_bed":2,"minecraft:white_bed":9,"minecraft:oak_log":2,"minecraft:piston":3,"minecraft:ender_eye":7,"minecraft:diamond_pickaxe":2040,"minecraft:apple":4,"minecraft:iron_pickaxe":250,"minecraft:stone_axe":3,"minecraft:fishing_rod":29,"minecraft:cobblestone":1041,"minecraft:potion":1,"minecraft:white_banner":1,"minecraft:cooked_porkchop":38,"minecraft:bucket":244,"minecraft:yellow_bed":2,"minecraft:dandelion":3},"minecraft:picked_up":{"minecraft:iron_chestplate":2,"minecraft:wheat":1,"minecraft:nether_brick_fence":2,"minecraft:anvil":1,"minecraft:diamond_sword":2,"minecraft:oak_stairs":11,"minecraft:potion":1,"minecraft:nether_brick":15,"minecraft:golden_sword":1,"minecraft:string":12,"minecraft:soul_soil":20,"minecraft:raw_copper":23,"minecraft:sticky_piston":3,"minecraft:iron_leggings":2,"minecraft:pufferfish":2,"minecraft:diamond_leggings":3,"minecraft:gold_nugget":318,"minecraft:cobbled_deepslate":336,"minecraft:bucket":1,"minecraft:ender_eye":8,"minecraft:furnace":5,"minecraft:iron_boots":2,"minecraft:stick":73,"minecraft:torch":26,"minecraft:acacia_log":64,"minecraft:porkchop":3,"minecraft:diorite":22,"minecraft:stone_sword":3,"minecraft:rotten_flesh":8,"minecraft:tropical_fish":1,"minecraft:blaze_rod":3,"minecraft:obsidian":44,"minecraft:cod":10,"minecraft:cobblestone":1115,"minecraft:birch_log":132,"minecraft:cooked_beef":31,"minecraft:feather":3,"minecraft:magma_cream":1,"minecraft:water_bucket":4,"minecraft:andesite":85,"minecraft:jungle_log":32,"minecraft:potato":52,"minecraft:flint":26,"minecraft:tuff":8,"minecraft:dirt":196,"minecraft:twisting_vines":9,"minecraft:bone":86,"minecraft:bow":3,"minecraft:wheat_seeds":35,"minecraft:raw_gold":8,"minecraft:grindstone":6,"minecraft:diamond_helmet":2,"minecraft:fletching_table":3,"minecraft:powered_rail":6,"minecraft:oak_planks":9,"minecraft:cooked_porkchop":37,"minecraft:jungle_planks":76,"minecraft:grass_block":1,"minecraft:spectral_arrow":7,"minecraft:diamond":7,"minecraft:lever":2,"minecraft:granite":60,"minecraft:golden_apple":13,"minecraft:emerald":50,"minecraft:oak_sapling":118,"minecraft:netherrack":1281,"minecraft:oak_leaves":6,"minecraft:crimson_roots":11,"minecraft:diamond_pickaxe":5,"minecraft:fishing_rod":2,"minecraft:crafting_table":22,"minecraft:azure_bluet":1,"minecraft:nether_wart":20,"minecraft:shield":4,"minecraft:oak_trapdoor":1,"minecraft:red_bed":1,"minecraft:iron_axe":11,"minecraft:flint_and_steel":5,"minecraft:blackstone":30,"minecraft:beef":2,"minecraft:oak_boat":24,"minecraft:light_gray_wool":5,"minecraft:minecart":3,"minecraft:sugar_cane":121,"minecraft:chest":1,"minecraft:birch_sapling":22,"minecraft:piston":2,"minecraft:egg":2,"minecraft:raw_iron":46,"minecraft:oak_door":2,"minecraft:fire_charge":1,"minecraft:carrot":35,"minecraft:arrow":29,"minecraft:stone_shovel":5,"minecraft:diamond_chestplate":2,"minecraft:beetroot_seeds":1,"minecraft:nether_bricks":18,"minecraft:shears":2,"minecraft:diamond_boots":1,"minecraft:gold_ingot":135,"minecraft:mutton":3,"minecraft:rail":13,"minecraft:bone_block":19,"minecraft:white_wool":13,"minecraft:basalt":14,"minecraft:glow_ink_sac":16,"minecraft:tripwire_hook":1,"minecraft:salmon":5,"minecraft:leather":9,"minecraft:birch_planks":9,"minecraft:crimson_fungus":2,"minecraft:oak_log":583,"minecraft:lily_pad":2,"minecraft:golden_boots":3,"minecraft:yellow_bed":3,"minecraft:gunpowder":5,"minecraft:white_banner":1,"minecraft:cooked_mutton":9,"minecraft:apple":8,"minecraft:kelp":5,"minecraft:warped_stem":4,"minecraft:iron_ingot":31,"minecraft:stone_pickaxe":2,"minecraft:cooked_chicken":2,"minecraft:iron_sword":5,"minecraft:soul_sand":38,"minecraft:oak_slab":2,"minecraft:warped_fungus":1,"minecraft:quartz":76,"minecraft:dandelion":4,"minecraft:gravel":75,"minecraft:lava_bucket":4,"minecraft:blast_furnace":1,"minecraft:white_bed":10,"minecraft:spider_eye":7,"minecraft:slime_ball":16,"minecraft:chainmail_leggings":2,"minecraft:iron_helmet":2,"minecraft:gray_wool":1,"minecraft:warped_roots":4,"minecraft:warped_nylium":2,"minecraft:coal":35,"minecraft:ender_pearl":4},"minecraft:killed_by":{"minecraft:ghast":1,"minecraft:piglin":1,"minecraft:enderman":2},"minecraft:killed":{"minecraft:spider":5,"minecraft:skeleton":32,"minecraft:magma_cube":9,"minecraft:piglin":13,"minecraft:pig":9,"minecraft:creeper":4,"minecraft:sheep":9,"minecraft:pillager":3,"minecraft:zombie":16,"minecraft:ghast":1,"minecraft:cow":9,"minecraft:blaze":7,"minecraft:slime":16,"minecraft:hoglin":1,"minecraft:wither_skeleton":9,"minecraft:villager":1,"minecraft:enderman":12},"minecraft:mined":{"minecraft:white_bed":8,"minecraft:oak_sapling":6,"minecraft:obsidian":24,"minecraft:granite":71,"minecraft:grass_block":43,"minecraft:nether_wart":20,"minecraft:iron_ore":39,"minecraft:cobbled_deepslate":3,"minecraft:fire":104,"minecraft:fletching_table":2,"minecraft:anvil":1,"minecraft:azure_bluet":1,"minecraft:twisting_vines":11,"minecraft:dirt_path":7,"minecraft:oak_stairs":7,"minecraft:piston_head":1,"minecraft:red_bed":1,"minecraft:twisting_vines_plant":4,"minecraft:crimson_nylium":37,"minecraft:soul_fire":4,"minecraft:torch":5,"minecraft:blast_furnace":1,"minecraft:chest":1,"minecraft:nether_quartz_ore":39,"minecraft:cobblestone":244,"minecraft:grindstone":6,"minecraft:sugar_cane":72,"minecraft:oak_planks":1,"minecraft:wall_torch":14,"minecraft:warped_nylium":4,"minecraft:powered_rail":6,"minecraft:nether_wart_block":5,"minecraft:birch_log":132,"minecraft:wheat":17,"minecraft:light_gray_wool":1,"minecraft:oak_log":520,"minecraft:beetroots":13,"minecraft:dirt":60,"minecraft:netherrack":1507,"minecraft:piston":1,"minecraft:oak_leaves":111,"minecraft:deepslate":173,"minecraft:nether_gold_ore":81,"minecraft:tuff":9,"minecraft:deepslate_diamond_ore":1,"minecraft:oak_door":2,"minecraft:lever":2,"minecraft:nether_bricks":21,"minecraft:crimson_roots":6,"minecraft:oak_trapdoor":1,"minecraft:furnace":5,"minecraft:carrots":24,"minecraft:nether_sprouts":1,"minecraft:andesite":86,"minecraft:nether_brick_fence":2,"minecraft:potatoes":49,"minecraft:deepslate_iron_ore":8,"minecraft:rail":13,"minecraft:warped_stem":4,"minecraft:stone":672,"minecraft:bone_block":19,"minecraft:oak_slab":2,"minecraft:soul_sand":5,"minecraft:basalt":14,"minecraft:dandelion":5,"minecraft:crafting_table":18,"minecraft:short_grass":97,"minecraft:warped_roots":5,"minecraft:tall_grass":9,"minecraft:copper_ore":4,"minecraft:deepslate_gold_ore":8,"minecraft:diorite":23,"minecraft:birch_planks":1,"minecraft:birch_leaves":14,"minecraft:yellow_bed":2,"minecraft:coal_ore":17,"minecraft:gravel":70,"minecraft:cobweb":1},"minecraft:broken":{"minecraft:golden_boots":1,"minecraft:stone_pickaxe":6,"minecraft:iron_axe":3,"minecraft:iron_pickaxe":1},"minecraft:crafted":{"minecraft:grindstone":1,"minecraft:oak_planks":2324,"minecraft:chainmail_helmet":12,"minecraft:oak_sign":9,"minecraft:blaze_powder":2,"minecraft:lever":1,"minecraft:bookshelf":4,"minecraft:cooked_mutton":6,"minecraft:warped_planks":16,"minecraft:diamond_helmet":2,"minecraft:bow":1,"minecraft:diamond_leggings":2,"minecraft:chest":4,"minecraft:ender_eye":2,"minecraft:golden_boots":4,"minecraft:oak_slab":12,"minecraft:emerald":187,"minecraft:cooked_porkchop":3,"minecraft:crafting_table":4,"minecraft:iron_helmet":10,"minecraft:birch_planks":520,"minecraft:light_gray_bed":1,"minecraft:lectern":1,"minecraft:book":17,"minecraft:paper":63,"minecraft:diamond_pickaxe":2,"minecraft:shield":1,"minecraft:stick":6244,"minecraft:stone_slab":6,"minecraft:iron_ingot":46,"minecraft:iron_pickaxe":1,"minecraft:iron_block":4,"minecraft:gold_ingot":17,"minecraft:golden_carrot":26,"minecraft:stone_shovel":1,"minecraft:fishing_rod":1,"minecraft:furnace":3,"minecraft:blast_furnace":1,"minecraft:piston":1,"minecraft:oak_trapdoor":6,"minecraft:flint_and_steel":1,"minecraft:iron_axe":13,"minecraft:stone_pickaxe":8,"minecraft:diamond_boots":2,"minecraft:chainmail_leggings":13,"minecraft:diamond_sword":1,"minecraft:enchanting_table":1,"minecraft:iron_sword":2,"minecraft:air":0,"minecraft:jungle_planks":128,"minecraft:oak_boat":4,"minecraft:golden_apple":3,"minecraft:gold_nugget":360,"minecraft:oak_stairs":8,"minecraft:anvil":1,"minecraft:white_bed":3,"minecraft:acacia_planks":256,"minecraft:torch":24,"minecraft:diamond_chestplate":2},"minecraft:custom":{"minecraft:interact_with_crafting_table":90,"minecraft:bell_ring":2,"minecraft:leave_game":127,"minecraft:time_since_death":65749,"minecraft:sprint_one_cm":1504445,"minecraft:damage_blocked_by_shield":3790,"minecraft:drop":123,"minecraft:talked_to_villager":75,"minecraft:play_time":719928,"minecraft:deaths":6,"minecraft:jump":13737,"minecraft:walk_on_water_one_cm":53064,"minecraft:interact_with_furnace":25,"minecraft:traded_with_villager":241,"minecraft:sleep_in_bed":22,"minecraft:damage_dealt":26577,"minecraft:crouch_one_cm":162487,"minecraft:inspect_dispenser":3,"minecraft:use_cauldron":2,"minecraft:inspect_dropper":1,"minecraft:interact_with_anvil":1,"minecraft:mob_kills":173,"minecraft:fill_cauldron":2,"minecraft:climb_one_cm":7637,"minecraft:walk_one_cm":1172273,"minecraft:damage_dealt_absorbed":2,"minecraft:sneak_time":47175,"minecraft:walk_under_water_one_cm":50467,"minecraft:boat_one_cm":461194,"minecraft:interact_with_blast_furnace":1,"minecraft:total_world_time":719928,"minecraft:time_since_rest":2248,"minecraft:damage_taken":7894,"minecraft:damage_absorbed":264,"minecraft:swim_one_cm":113554,"minecraft:fly_one_cm":2820778,"minecraft:open_chest":228,"minecraft:fish_caught":18,"minecraft:fall_one_cm":358258}},"DataVersion":3839}